"age","email","phone","job_title","membership_date","row_num","full_name","marital_status","street","city","state","region","anomalies"
46,belegood84@hud.gov,"650-146-9313",Structural Analysis Engineer,2018-06-07,1,Bran Elegood,Separated,"56 Prairieview Street",San Francisco,California,West,0
32,ecadwaladrd@patch.com,"702-364-0009",Accounting Assistant I,2017-03-18,1,Evania Cadwaladr,Single,"98965 Riverside Terrace",Santa Barbara,California,West,0
53,uosment2r@google.es,"212-841-8066",Programmer IV,2020-07-19,1,Ursulina Osment,Married,"4 Dahle Park",Brooklyn,New York,Northeast,0
26,askillf5@imdb.com,"570-154-2371",Sales Associate,2020-03-29,1,Aarika Skill,Divorced,"915 Nancy Drive",Wilkes Barre,Pennsylvania,Northeast,0
24,ashermenw@virginia.edu,"571-371-9902",Staff Scientist,2016-01-07,1,Abbie Sherme,Married,"5990 Maryland Court",Vienna,Virginia,South,0
35,asamudioi6@ning.com,"210-722-6455",Accountant III,2013-12-25,1,Abraham Samudio,Divorced,"9312 Crescent Oaks Street",San Antonio,Texas,South,0
38,asamterde@youku.com,"806-484-8144",Software Test Engineer IV,2017-03-09,1,Agretha Samter,Married,"7910 Fallview Pass",Amarillo,Texas,South,0
21,apriestmanil@facebook.com,"202-479-1846",Mechanical Systems Engineer,2020-05-07,1,Ahmad Priestman,Single,"0 Bashford Plaza",Washington,District of Columbia,South,0
33,arailton6s@time.com,"903-825-9008",Analyst Programmer,2014-01-28,1,Aila Railton,Married,"7 Fulton Pass",Tyler,Texas,South,0
41,adewan8e@answers.com,"571-556-6349",Occupational Therapist,2021-11-29,1,Alfonse Dewan,Separated,"2350 Victoria Center",Sterling,Virginia,South,0
55,acastanerdy@sina.com.cn,"309-315-0874",Media Manager II,2017-01-09,1,Amye Castaner,Divorced,"427 Norway Maple Court",Peoria,Illinois,Midwest,0
43,aburdessgu@amazon.co.jp,"501-551-7128",Sales Associate,2013-02-17,1,Angelia Burdess,Separated,"0 Butternut Court",North Little Rock,Arkansas,South,0
47,adearthii@foxnews.com,"773-919-8671",Director of Sales,2018-09-29,1,Angelita Dearth,Married,"50 Pawling Lane",Chicago,Illinois,Midwest,0
46,apercivalbc@dailymotion.com,"501-655-4923",Product Engineer,2013-02-27,1,Annadiane Percival,Separated,"29 Warner Place",Little Rock,Arkansas,South,0
50,apally4w@vkontakte.ru,"801-527-9246",Tax Accountant,2021-01-03,1,Annalee Pally,Separated,"1174 Sachtjen Circle",Salt Lake City,Utah,West,0
55,acrossgrovef@amazon.com,"818-861-1707",Tax Accountant,2018-07-10,1,Annamaria Crossgrove,Married,"487 Buell Lane",Glendale,California,West,0
43,abarkasek@arizona.edu,"214-533-2193",Account Coordinator,2018-07-19,1,Annnora Barkas,Married,"3559 Toban Court",Dallas,Texas,South,0
52,aedmundsjy@barnesandnoble.com,"682-634-1621",Research Nurse,2018-01-30,1,Ardelia Edmunds,Single,"56265 Lawn Drive",Fort Worth,Texas,South,0
49,apeter4o@networkadvertising.org,"615-150-2830",VP Accounting,2013-03-29,1,Ardene Peter,Single,"5 Dwight Hill",Murfreesboro,Tennessee,South,0
50,adregerko@kickstarter.com,"360-408-8541",Chemical Engineer,2018-05-27,1,Aretha Dreger,Married,"170 Sauthoff Place",Olympia,Washington,West,0
37,apolendinekg@nhs.uk,"203-824-8178",Internal Auditor,2020-11-21,1,Aridatha Polendine,Separated,"560 Fairview Lane",Waterbury,Connecticut,Northeast,0
49,afinneranq1@addtoany.com,"662-727-2395",Junior Executive,2018-04-24,1,Arliene Finneran,Divorced,"1196 Hanover Pass",Columbus,Mississippi,South,0
37,acatherinekn@shareasale.com,"760-635-6222",Professor,2012-07-12,1,Arvin Catherine,Single,"4 Menomonie Place",Orange,California,West,0
26,areddihoughpu@reddit.com,"281-759-1699",Software Test Engineer II,2020-04-19,1,Augusto Reddihough,Single,"04728 Nelson Road",Houston,Texas,South,0
49,amelloy5r@upenn.edu,"559-824-2387",Financial Advisor,2016-02-12,1,Aurora Melloy,Divorced,"197 Brown Terrace",Fullerton,California,West,0
28,aaverill5i@theglobeandmail.com,"713-330-3502",Account Coordinator,2019-05-11,1,Aurore Averill,Married,"42107 Debs Court",Houston,Texas,South,0
48,amaywoodhn@cbc.ca,"334-511-4945",Product Engineer,2012-10-14,1,Averill Maywood,Married,"9 Crescent Oaks Parkway",Montgomery,Alabama,South,0
44,adelcastel8d@businesswire.com,"323-750-9861",Analyst Programmer,2020-11-04,1,Ax Delcastel,Single,"45637 Bowman Park",Los Angeles,California,West,0
50,bemanulssons@yahoo.co.jp,"331-774-0714",Financial Analyst,2019-09-27,1,Babara Emanulsson,Separated,"3 Graedel Avenue",Aurora,Illinois,Midwest,0
588,brippen1z@nationalgeographic.com,"912-469-5562",Web Developer II,2015-12-01,1,Baldwin Rippen,Single,"2 Esker Alley",Savannah,Georgia,South,1
25,bhayballob@desdev.cn,"214-891-2449",General Manager,2016-02-29,1,Bartholomew Hayball,Single,"87 Prairieview Street",Dallas,Texas,South,0
31,bbellhousel6@cornell.edu,"281-575-8286",Business Systems Development Analyst,2017-01-22,1,Baudoin Bellhouse,Divorced,"0391 Birchwood Parkway",Spring,Texas,South,0
39,bbalyo4@tiny.cc,"847-194-9311",VP Product Management,2016-05-18,1,Beatrix Baly,Single,"78 Wayridge Junction",Palatine,Illinois,Midwest,0
50,bsimenelkf@google.com,"410-555-1394",Director of Sales,2015-08-19,1,Becki Simenel,Married,"98524 Michigan Street",Baltimore,Maryland,South,0
47,bfarbrotherfe@chicagotribune.com,"863-238-0668",Research Nurse,2014-06-29,1,Ben Farbrother,Divorced,"9397 Carey Alley",Lakeland,Florida,South,0
46,bwitcombehn@networkadvertising.org,"858-984-3215",Software Consultant,2015-06-22,1,Berny Witcombe,Married,"27583 Buhler Street",San Diego,California,West,0
35,bmulgrew5p@miibeian.gov.cn,"571-163-8623",Occupational Therapist,2020-09-14,1,Bevin Mulgrew,Single,"7 Bonner Road",Merrifield,Virginia,South,0
41,bterbeek5h@earthlink.net,"325-907-2503",Environmental Tech,2016-02-09,1,Birch Terbeek,Separated,"80779 Bayside Terrace",Abilene,Texas,South,0
47,bleadstonfq@bizjournals.com,"515-626-8811",Junior Executive,2019-10-13,1,Blithe Leadston,Married,"30 Sachtjen Street",Des Moines,Iowa,Midwest,0
36,barmfirldfr@soup.io,"312-666-6357",Assistant Manager,2017-02-25,1,Boyd Armfirld,Married,"0 Hollow Ridge Street",Chicago,Illinois,Midwest,0
40,bcolkett6d@stumbleupon.com,"214-673-1364",Marketing Manager,2019-04-05,1,Brien Colkett,Separated,"93100 Cottonwood Hill",Dallas,Texas,South,0
25,bburgessa8@ucla.edu,"713-653-0884",Actuary,2019-11-22,1,Briny Burgess,Divorced,"3 School Trail",Houston,Texas,South,0
40,bmatuszinskijt@nyu.edu,"610-515-1575",Community Outreach Specialist,2021-03-02,1,Brnaba Matuszinski,Separated,"20502 Paget Plaza",Allentown,Pennsylvania,Northeast,0
41,bwooldridge5s@wsj.com,"202-601-2814",Engineer II,2022-01-21,1,Brock Wooldridge,Married,"13 Rowland Center",Washington,District of Columbia,South,0
29,bweyland3k@thetimes.co.uk,"941-781-0914",General Manager,2021-11-29,1,Bruno Weyland,Married,"3213 Trailsway Pass",Seminole,Florida,South,0
39,bsmallridge49@topsy.com,"831-117-0393",Operator,2021-11-06,1,Burty Smallridge,Separated,"094 Helena Road",Salinas,California,West,0
32,bshynniy@globo.com,"210-699-7248",Software Test Engineer I,2015-02-14,1,Byran Shynn,Married,"711 Namekagon Point",San Antonio,Texas,South,0
52,cmalia3n@census.gov,"202-899-0537",Database Administrator IV,2015-06-07,1,Candra Malia,Separated,"2 Trailsway Point",Washington,District of Columbia,South,0
46,cslocketjz@goo.ne.jp,"713-218-8300",Safety Technician I,2021-08-23,1,Carlyn Slocket,Married,"5 Shoshone Street",Houston,Texas,South,0
67,cdensellli@slashdot.org,"212-616-4499",Web Designer III,2021-11-09,1,Carola Densell,Single,"5 Melby Drive",New York City,New York,Northeast,0
27,cgreepl0@sina.com.cn,"517-153-3171",Dental Hygienist,2014-10-26,1,Cassie Greep,Married,"24017 Hanson Point",Lansing,Michigan,Midwest,0
222,cjonsonol@aboutads.info,"559-318-4841",Speech Pathologist,2022-04-26,1,Cathrine Jonson,Married,"4147 Swallow Hill",Fresno,California,West,1
42,cyakov1g@is.gd,"518-640-3120",Senior Editor,2013-12-17,1,Celina Yakov,Single,"6 Helena Junction",Albany,New York,Northeast,0
34,ccrossgrove7w@unicef.org,"651-239-3542",Geological Engineer,2018-01-29,1,Chilton Crossgrove,Married,"45053 Mallory Terrace",Minneapolis,Minnesota,Midwest,0
54,cfoux8c@wordpress.org,"520-369-5874",Senior Editor,2019-02-01,1,Chrotoem Foux,Single,"574 Little Fleur Hill",Tucson,Arizona,West,0
25,clibri4l@amazon.co.jp,"508-158-1921",Senior Editor,2015-02-28,1,Chuck Libri,Single,"06 Brentwood Trail",Worcester,Massachusetts,Northeast,0
41,cspawforthmf@ameblo.jp,"316-974-2435",Human Resources Manager,2021-02-11,1,Clarie Spawforth,Separated,"616 Longview Road",Wichita,Kansas,Midwest,0
43,cesbergerjr@alexa.com,"419-187-6725",Assistant Media Planner,2017-05-19,1,Connor Esberger,Divorced,"3174 Brentwood Park",Toledo,Ohio,Midwest,0
499,chillandg@time.com,"267-229-4017",Account Representative II,2021-07-07,1,Corbin Hillan,Single,"78 La Follette Trail",Philadelphia,Pennsylvania,Northeast,1
47,ciscowitzks@fastcompany.com,"478-195-1830",Legal Assistant,2019-08-07,1,Corilla Iscowitz,Married,"27 Sommers Point",Macon,Georgia,South,0
47,cdiggbc@furl.net,"702-455-4354",Sales Associate,2018-03-14,1,Cory Digg,Married,"0 Melrose Road",Las Vegas,Nevada,West,0
46,cnapperc2@ehow.com,"202-895-4869",Database Administrator IV,2022-02-26,1,Cristiano Napper,Married,"8515 Hallows Street",Washington,District of Columbia,South,0
41,cclimar9m@comcast.net,"303-438-4517",Chemical Engineer,2018-09-21,1,Cyb Climar,Married,"4252 Scott Parkway",Denver,Colorado,West,0
42,dmcpeake9s@meetup.com,"818-924-7239",Compensation Analyst,2018-02-09,1,Daffi Mcpeake,Separated,"640 Eggendart Street",Pasadena,California,West,0
67,djachimczak9z@wordpress.org,"817-497-3667",Programmer III,2017-11-22,1,Dani Jachimczak,Divorced,"1088 Corben Center",Denton,Texas,South,0
44,dbillingsd7@reverbnation.com,"262-697-8511",Senior Developer,2012-12-23,1,Danny Billings,Single,"84662 Shasta Junction",Milwaukee,Wisconsin,Midwest,0
54,dpinnijar1h@bloglovin.com,"415-388-3260",Marketing Assistant,2018-12-09,1,Davis Pinnijar,Married,"72812 Washington Avenue",San Francisco,California,West,0
25,ddee9r@last.fm,"215-641-3273",Staff Scientist,2016-10-15,1,Dee Dee Paradis,Single,"31 Delaware Alley",Philadelphia,Pennsylvania,Northeast,0
39,dohone6e@microsoft.com,"719-680-4489",Registered Nurse,2019-12-26,1,Delainey O'hone,Married,"5 Hoffman Circle",Colorado Springs,Colorado,West,0
26,dbillhamj6@census.gov,"915-999-1465",Clinical Specialist,2018-04-29,1,Dewain Billham,Divorced,"1 Mccormick Drive",El Paso,Texas,South,0
48,dgavriellyp2@bravesites.com,"862-578-4270",Marketing Assistant,2016-03-24,1,Donella Gavrielly,Married,"61002 Lien Place",Newark,New Jersey,Northeast,0
59,dtrevor96@creativecommons.org,"202-493-7921",Structural Engineer,2015-10-11,1,Doralynn Trevor,Separated,"93578 Marcy Hill",Washington,District of Columbia,South,0
65,dhuchot72@myspace.com,"817-422-1118",Financial Advisor,2017-07-20,1,Dorothy Huchot,Single,"07707 Bowman Center",Denton,Texas,South,0
65,dcribbottmf@rambler.ru,"212-113-0379",Structural Engineer,2018-06-12,1,Dottie Cribbott,Divorced,"4890 Bluestem Lane",Brooklyn,New York,Northeast,0
19,dsivewright4p@cdc.gov,"714-959-6471",Data Coordiator,2020-03-31,1,Doyle Sivewright,Single,"66846 Aberg Drive",Brea,California,West,0
50,dkreutzerg6@columbia.edu,"206-336-8783",Financial Advisor,2012-08-25,1,Dredi Kreutzer,Single,"26 3rd Point",San Juan,Puerto Rico,Other/International,0
48,dowttrim3c@wix.com,"718-970-5858",Information Systems Manager,2019-12-29,1,Drusy Owttrim,Single,"98 Kipling Point",Brooklyn,New York,Northeast,0
31,dcholonin32@xinhuanet.com,"425-881-3024",Compensation Analyst,2021-04-20,1,Durward Cholonin,Married,"509 Sherman Crossing",Seattle,Washington,West,0
28,ecutforthez@dedecms.com,"760-498-9161",Registered Nurse,2012-03-28,1,Edgar Cutforth,Single,"4890 Buhler Hill",Orange,California,West,0
37,ekebbell1h@marketwatch.com,"210-414-9047",Automation Specialist III,2015-10-03,1,Edita Kebbell,Single,"392 Crescent Oaks Street",San Antonio,Texas,South,0
33,efairfulldq@sun.com,"989-803-1591",Professor,2019-07-13,1,Edithe Fairfull,Married,"1994 Shelley Avenue",Midland,Michigan,Midwest,0
40,earnoult8v@skype.com,"859-473-6484",Accountant II,2018-08-18,1,Ellsworth Arnoult,Married,"4 Calypso Junction",Lexington,Kentucky,South,0
59,ewasonr@cbslocal.com,"816-621-9004",Information Systems Manager,2019-10-09,1,Eloise Wason,Single,"8491 Packers Drive",Kansas City,Missouri,Midwest,0
52,eastupenasre@omniture.com,"513-115-4360",Chief Design Engineer,2013-01-28,1,Elonore Astupenas,Single,"9452 Northland Plaza",Cincinnati,Ohio,Midwest,0
54,ealesinb@blog.com,"203-677-9522",Software Engineer I,2013-06-22,1,Engracia Alesi,Divorced,"0471 Gina Way",Stamford,Connecticut,Northeast,0
41,ethirlaway3b@squarespace.com,"515-781-1133",Electrical Engineer,2016-09-13,1,Erika Thirlaway,Single,"3 Fisk Circle",Des Moines,Iowa,Midwest,0
42,echarte91@cdc.gov,"915-824-7177",Social Worker,2017-08-06,1,Erin Charte,Divorced,"8 4th Hill",El Paso,Texas,South,0
33,egracejs@prlog.org,"786-437-2051",Media Manager II,2016-10-06,1,Etienne Grace,Divorced,"5599 Dahle Pass",Miami,Florida,South,0
49,eburnyate4e@cloudflare.com,"706-257-1815",Cost Accountant,2014-11-04,1,Evan Burnyate,Married,"8604 Fordem Trail",Athens,Georgia,South,0
43,ewarboyk1@ehow.com,"202-672-5528",Assistant Manager,2022-04-07,1,Even Warboy,Married,"1043 Longview Alley",Washington,District of Columbia,South,0
60,fludwell4j@ca.gov,"504-427-4175",Software Consultant,2018-11-05,1,Fallon Ludwell,Divorced,"32715 Fallview Way",New Orleans,Louisiana,South,0
52,fcowburnbs@hhs.gov,"812-696-5060",Civil Engineer,2020-08-10,1,Fawn Cowburn,Married,"92 Clove Place",Evansville,Indiana,Midwest,0
50,fbaggsed@digg.com,"404-603-6634",Editor,2018-02-24,1,Florance Baggs,Single,"54 Summit Circle",Duluth,Georgia,South,0
36,fbittlestonegq@unc.edu,"318-302-4463",Administrative Assistant II,2013-01-23,1,Florina Bittlestone,Married,"84 Tony Way",Alexandria,Louisiana,South,0
38,fwardingly6z@narod.ru,"919-362-2525",GIS Technical Architect,2018-01-04,1,Flossy Wardingly,Separated,"1963 Golf Road",Raleigh,North Carolina,South,0
26,fcarnoghankh@auda.org.au,"720-250-7906",Software Consultant,2017-09-18,1,Forester Carnoghan,Divorced,"155 Wayridge Court",Denver,Colorado,West,0
46,fmcmeartydt@ycombinator.com,"562-238-0450",Associate Professor,2018-06-28,1,Frank Mcmearty,Married,"27 Gateway Center",Long Beach,California,West,0
33,gthrush1t@dot.gov,"661-972-8356",Accountant III,2022-02-07,1,Garret Thrush,Separated,"827 Blaine Lane",Bakersfield,California,West,0
40,gpleatm4@printfriendly.com,"386-130-1005",Recruiting Manager,2015-06-05,1,Garvy Pleat,Single,"045 Steensland Junction",Daytona Beach,Florida,South,0
51,gedelheidc8@hugedomains.com,"410-331-2841",Senior Sales Associate,2015-02-02,1,Gaspar Edelheid,Separated,"25676 Hovde Place",Baltimore,Maryland,South,0
27,gporchps@cbc.ca,"804-608-0199",Professor,2014-10-06,1,Genia Porch,Divorced,"91 Elgar Trail",Richmond,Virginia,South,0
23,gmckinnonng@redcross.org,"772-717-2133",Human Resources Manager,2020-03-12,1,Georgena Mckinnon,Single,"301 Dryden Alley",Fort Pierce,Florida,South,0
29,gtolumellor4@zdnet.com,"559-309-8552",Graphic Designer,2015-03-19,1,Gerhardt Tolumello,Single,"4 Calypso Hill",Fresno,California,West,0
34,gcoates7k@github.io,"917-538-8386",VP Product Management,2021-02-08,1,Germain Coates,Single,"00664 Texas Road",Jamaica,New York,Northeast,0
23,ggonnellm@ftc.gov,"203-181-0550",Senior Cost Accountant,2018-09-29,1,Gerry Gonnel,,"6 Elka Parkway",Waterbury,Connecticut,Northeast,0
54,gbarkworth21@europa.eu,"703-549-6583",Data Coordiator,2022-02-24,1,Giovanna Barkworth,Single,"60308 Corscot Court",Arlington,Virginia,South,0
25,gchildersp3@noaa.gov,"916-396-7713",Automation Specialist IV,2016-01-11,1,Gleda Childers,Single,"744 Ruskin Crossing",Sacramento,California,West,0
46,gsamarthy@themeforest.net,"318-860-4913",Occupational Therapist,2012-03-30,1,Granthem Samart,Divorced,"5 Kensington Way",Monroe,Louisiana,South,0
34,gclampettr8@cafepress.com,"202-480-8638",Software Engineer II,2014-02-01,1,Grata Clampett,Single,"1 Shoshone Point",Washington,District of Columbia,South,0
31,gbolducx@ycombinator.com,"818-811-4169",Legal Assistant,2017-02-16,1,Gui Bolduc,Separated,"470 Hagan Circle",Northridge,California,West,0
25,gaguilar6m@stanford.edu,"843-912-0929",Senior Developer,2021-12-12,1,Gustavo Aguilar,Married,"04 Nova Parkway",Charleston,South Carolina,South,0
42,glabastida1i@sfgate.com,"303-514-4237",Paralegal,2013-01-03,1,Gwendolen Labastida,Single,"04715 Eggendart Plaza",Denver,Colorado,West,0
64,ggossipinig@cisco.com,"630-292-4300",Professor,2018-02-13,1,Gwenette Gossipin,Married,"338 Amoth Avenue",Chicago,Illinois,Midwest,0
44,hskyrme1x@wunderground.com,"919-417-3505",Tax Accountant,2013-09-02,1,Ham Skyrme,Separated,"43 Schmedeman Avenue",Raleigh,North Carolina,South,0
55,hdeehanhg@prweb.com,"941-899-2011",Associate Professor,2020-04-04,1,Harlan Deehan,Married,"8 Anhalt Alley",North Port,Florida,South,0
52,hpattingtonb1@cnbc.com,"801-552-8360",VP Quality Control,2018-09-06,1,Henrie Pattington,Single,"235 Melby Road",Salt Lake City,Utah,West,0
38,hbevan6l@imdb.com,"540-378-8903",Mechanical Systems Engineer,2021-02-02,1,Henryetta Bevan,Single,"7156 Riverside Point",Roanoke,Virginia,South,0
68,hkoubekll@freewebs.com,"804-582-4039",Community Outreach Specialist,2018-02-21,1,Hersch Koubek,Single,"14852 Lillian Drive",Richmond,Virginia,South,0
50,hfosher62@cnet.com,"234-894-7934",Statistician III,2012-03-19,1,Hilario Fosher,Single,"59066 Mayfield Point",Akron,Ohio,Midwest,0
20,hvan1m@free.fr,"850-161-1680",Accounting Assistant IV,2021-11-23,1,Huey Van Merwe,Single,"05525 Arrowood Avenue",Pensacola,Florida,South,0
43,hroj5g@quantcast.com,"360-590-6409",Pharmacist,2014-01-06,1,Hugo Roj,Married,"267 Springview Parkway",Vancouver,Washington,West,0
51,hadamskybt@time.com,"916-481-0039",Paralegal,2016-09-18,1,Hulda Adamsky,Single,"50845 Carpenter Pass",Sacramento,California,West,0
40,istoylec4@istockphoto.com,"916-803-5559",Chief Design Engineer,2020-11-05,1,Iormina Stoyle,Married,"767 Vidon Way",Sacramento,California,West,0
32,igallehock63@pcworld.com,"312-727-1282",Technical Writer,2012-11-25,1,Issy Gallehock,Single,"65526 Tennessee Drive",Chicago,Illinois,Midwest,0
36,ithornberhx@stanford.edu,"304-318-2470",Geological Engineer,2021-06-24,1,Issy Thornber,Divorced,"7774 Talmadge Terrace",Huntington,West Virginia,South,0
50,jlitchfieldhb@fda.gov,"646-466-7157",Tax Accountant,2022-03-23,1,Jackquelin Litchfield,Married,"54355 Rieder Trail",New York City,New York,Northeast,0
18,jmoran2v@blinklist.com,"765-812-7117",Electrical Engineer,2018-09-11,1,Jacquie Moran,Married,"16 Dexter Lane",Indianapolis,Indiana,Midwest,0
49,jmatejicly@hc360.com,"717-916-6613",GIS Technical Architect,2015-09-23,1,Jaimie Matejic,Married,"9 Maywood Hill",Harrisburg,Pennsylvania,Northeast,0
63,jbarczewskio4@goo.gl,"713-302-2935",Human Resources Assistant IV,2016-01-23,1,Jamaal Barczewski,Married,"59924 Mccormick Way",Houston,Texas,South,0
45,jcrombleholmepz@deviantart.com,"516-924-9235",Nurse Practicioner,2020-06-01,1,Janeta Crombleholme,Single,"0198 Roxbury Lane",Port Washington,New York,Northeast,0
49,jtrangmar5g@topsy.com,"609-864-3097",Editor,2015-03-15,1,Jarred Trangmar,Single,"27 Sunnyside Alley",Trenton,New Jersey,Northeast,0
35,jtapsfieldj4@ted.com,"352-472-5312",Research Nurse,2016-11-19,1,Jerrie Tapsfield,Married,"42 Roth Pass",Gainesville,Florida,South,0
35,jfeighneynu@huffingtonpost.com,"253-864-5169",Senior Cost Accountant,2021-03-16,1,Jerrilyn Feighney,Married,"4503 Dovetail Road",Tacoma,Washington,West,0
35,jpignonkm@feedburner.com,"203-338-4328",Product Engineer,2019-09-26,1,Joel Pignon,Married,"61822 Shoshone Terrace",New Haven,Connecticut,Northeast,0
32,jpoyleem@nymag.com,"312-303-2460",Statistician III,2020-01-22,1,Joelie Poyle,Single,"2 Gulseth Place",Chicago,Illinois,Midwest,0
33,jbaswall8w@bluehost.com,"816-135-0524",Editor,2017-01-28,1,Johann Baswall,Single,"685 Farmco Drive",Kansas City,Missouri,Midwest,0
36,jtallet6t@shinystat.com,"610-921-8473",Actuary,2022-05-02,1,Jolee Tallet,Single,"436 Packers Center",Reading,Pennsylvania,Northeast,0
40,jbengtssonma@cisco.com,"714-643-2983",Speech Pathologist,2012-06-14,1,Jonie Bengtsson,Married,"09 Service Avenue",Orange,California,West,0
40,jmacellarcz@hugedomains.com,"336-338-1754",Geologist III,2013-03-30,1,Jordon Macellar,Married,"709 Ridgeview Drive",Greensboro,North Carolina,South,0
38,jkynetonjc@rediff.com,"202-400-0268",Clinical Specialist,2017-10-26,1,Jose Kyneton,Single,"29593 Coolidge Court",Washington,District of Columbia,South,0
34,jcastagnarohv@bluehost.com,"336-311-0529",Computer Systems Analyst II,2014-06-28,1,Joseito Castagnaro,Single,"78 Kensington Road",Greensboro,North Carolina,South,0
50,jstowe4r@va.gov,"832-525-8090",Legal Assistant,2022-01-01,1,Jourdan Stowe,Separated,"39563 Kingsford Park",Houston,Texas,South,0
25,jempleton31@etsy.com,"559-196-3262",Junior Executive,2016-09-01,1,Joyous Empleton,Married,"356 Thompson Drive",Modesto,California,West,0
42,jrolljf@psu.edu,"843-632-7596",Marketing Assistant,2019-05-13,1,Judie Roll,Divorced,"003 Melody Terrace",Florence,South Carolina,South,0
23,jdybellcl@businesswire.com,"772-735-5476",Media Manager IV,2019-09-12,1,Julie Dybell,Separated,"93149 Commercial Plaza",Vero Beach,Florida,South,0
28,khaskayne9t@house.gov,"806-938-1122",Pharmacist,2019-11-26,1,Kahlil Haskayne,Married,"7345 Sloan Parkway",Amarillo,Texas,South,0
37,kmcauslene9l@weebly.com,"305-550-3461",Web Developer II,2013-11-19,1,Kaja Mcauslene,Married,"98506 Badeau Hill",Miami,Florida,South,0
54,kespadate3p@dot.gov,"862-824-7211",Structural Analysis Engineer,2021-10-13,1,Kally Espadate,Married,"746 Myrtle Pass",Paterson,New Jersey,Northeast,0
48,komaileye@ftc.gov,"608-659-4566",Programmer II,2021-07-16,1,Karlene O'mailey,Single,"45583 Spenser Junction",Madison,Wisconsin,Midwest,0
35,ksmeatongo@prweb.com,"415-370-0544",Information Systems Manager,2018-02-11,1,Karly Smeaton,Single,"44 Schlimgen Pass",San Francisco,California,West,0
60,kvallantinefp@ovh.net,"754-504-8460",Clinical Specialist,2016-02-15,1,Karna Vallantine,Single,"07357 4th Road",Fort Lauderdale,Florida,South,0
32,ktreagust1f@angelfire.com,"913-927-9961",Programmer Analyst II,2017-02-14,1,Kellby Treagust,Separated,"7982 Dexter Street",Shawnee Mission,Kansas,Midwest,0
51,kcawsju@marketwatch.com,"801-895-8511",Health Coach IV,2016-02-09,1,Kerby Caws,Single,"6 Buhler Trail",Salt Lake City,Utah,West,0
52,kburghillcd@macromedia.com,"703-225-7767",Administrative Officer,2018-02-24,1,Keslie Burghill,Married,"68808 David Avenue",Washington,District of Columbia,South,0
48,kcatherinebd@wunderground.com,"718-965-8066",Financial Advisor,2020-11-14,1,Kiersten Catherine,Single,"68 Debra Pass",Brooklyn,New York,Northeast,0
44,ladrianeo@eepurl.com,"702-958-1910",Junior Executive,2015-07-23,1,Lanie Adrian,Married,"60 Caliangt Street",Henderson,Nevada,West,0
42,lclemmeykj@redcross.org,"575-8072",VP Sales,2016-04-08,1,Lannie Clemmey,Married,"572 Golf Junction",Mountain View,California,West,0
47,lfennickkf@miibeian.gov.cn,"210-701-0403",Research Nurse,2015-11-08,1,Lauren Fennick,Divorced,"69628 Sage Center",San Antonio,Texas,South,0
67,lcassinps@ftc.gov,"704-153-3609",Senior Cost Accountant,2019-03-23,1,Leah Cassin,Separated,"93 Pierstorff Place",Roanoke,Virginia,South,0
58,lroustjs@reverbnation.com,"330-412-9262",Physical Therapy Assistant,2020-02-20,1,Leo Roust,Married,"51 Blaine Place",Akron,Ohio,Midwest,0
26,ldeboohh@howstuffworks.com,"754-837-6863",Administrative Officer,2018-10-31,1,Lezley Deboo,Married,"0 Maple Wood Lane",Fort Lauderdale,Florida,South,0
36,lmatyasikhf@nbcnews.com,"512-650-1621",Help Desk Operator,2021-01-19,1,Lindy Matyasik,Single,"99 Westend Hill",Austin,Texas,South,0
39,mswalteridgev@feedburner.com,"785-600-5180",Systems Administrator I,2013-09-22,1,Malorie Swalteridge,Divorced,"9130 Saint Paul Park",Topeka,Kansas,Midwest,0
37,mgreatbachhk@youtu.be,"202-558-4533",Cost Accountant,2020-02-25,1,Manny Greatbach,Single,"7 Upham Road",Washington,District of Columbia,South,0
24,msherredck@dagondesign.com,"508-937-3886",Junior Executive,2019-04-24,1,Marijn Sherred,Married,"4 Onsgard Park",Brockton,Massachusetts,Northeast,0
35,mradmerb4@webnode.com,"602-709-5438",Assistant Media Planner,2021-03-30,1,Martica Radmer,Single,"46 Evergreen Parkway",Gilbert,Arizona,West,0
53,mcadneymv@patch.com,"713-174-3210",VP Quality Control,2014-03-02,1,Maury Cadney,Married,"4 Monica Street",Houston,Texas,South,0
26,mharmstonee6@pbs.org,"419-635-1681",Accountant IV,2014-02-22,1,Meier Harmstone,Separated,"98 East Park",Toledo,Ohio,Midwest,0
51,matterley4y@people.com.cn,"615-325-3414",Civil Engineer,2020-07-12,1,Melessa Atterley,Married,"942 Grover Parkway",Nashville,Tennessee,South,0
36,mrigard4q@yolasite.com,"240-516-7110",Assistant Professor,2019-11-10,1,Melina Rigard,Separated,"88 Trailsway Parkway",Hagerstown,Maryland,South,0
42,mmaaszhl@msn.com,"508-329-1601",Clinical Specialist,2020-09-10,1,Mendy Maasz,Single,"89933 Golden Leaf Drive",Boston,Massachusetts,Northeast,0
47,mcosgry5p@ovh.net,"908-481-5170",Nurse,2019-03-05,1,Merrielle Cosgry,Married,"78 Hintze Trail",Elizabeth,New Jersey,Northeast,0
45,netchelli7@prlog.org,"432-526-2371",Database Administrator I,2017-10-24,1,Nancee Etchell,Married,"6 Anzinger Court",Odessa,Texas,South,0
48,naimeric95@acquirethisname.com,"805-210-3512",Physical Therapy Assistant,2018-12-29,1,Nancie Aimeric,Married,"9 Haas Lane",San Luis Obispo,California,West,0
49,nelbylp@quantcast.com,"862-114-4126",Safety Technician II,2018-12-29,1,Nanine Elby,Married,"1218 Village Green Avenue",Newark,New Jersey,Northeast,0
35,nfarresskz@reference.com,"971-447-0219",Project Manager,2014-11-20,1,Nannie Farress,Separated,"36228 Myrtle Hill",Portland,Oregon,West,0
44,nscammellah@dailymotion.com,"704-369-0751",Account Representative I,2013-02-19,1,Naoma Scammell,Married,"4 Hudson Crossing",Charlotte,North Carolina,South,0
28,nbeafp@wordpress.org,"702-610-5281",Technical Writer,2018-05-16,1,Nelle Bea,Single,"170 Beilfuss Pass",Las Vegas,Nevada,West,0
31,nrasejd@sciencedirect.com,"862-830-1101",Database Administrator II,2021-09-16,1,Nerte Rase,Married,"122 Holy Cross Trail",Paterson,New Jersey,Northeast,0
42,nduforeik@arizona.edu,"251-745-5014",Accounting Assistant IV,2022-03-11,1,Noelle Dufore,Married,"2 East Terrace",Mobile,Alabama,South,0
26,ntollemachedm@vk.com,"330-220-8799",Human Resources Assistant II,2015-01-16,1,Norene Tollemache,Divorced,"54283 Waywood Lane",Canton,Ohio,Midwest,0
38,omonroebj@arstechnica.com,"515-786-1609",Nuclear Power Engineer,2022-05-26,1,Othilia Monroe,Single,"012 Buell Road",Des Moines,Iowa,Midwest,0
20,ostrase77@so-net.ne.jp,"212-652-5262",Pharmacist,2020-07-12,1,Owen Strase,Married,"9618 Oak Hill",New York City,New York,Northeast,0
62,plewknorlz@sciencedaily.com,"865-358-6681",Help Desk Technician,2020-12-01,1,Pamela Lewknor,Single,"7 Cascade Alley",Knoxville,Tennessee,South,0
40,phavikel@un.org,"812-216-9233",Librarian,2016-05-27,1,Perceval Havik,Separated,"858 Moose Court",Evansville,Indiana,Midwest,0
51,pwinningcf@yandex.ru,"864-331-0871",VP Quality Control,2013-11-05,1,Peri Winning,Married,"101 Waywood Avenue",Spartanburg,South Carolina,South,0
40,pblest9y@amazon.com,"502-718-2796",Sales Associate,2015-05-25,1,Perle Blest,Married,"5138 Artisan Lane",Louisville,Kentucky,South,0
45,pabbyssdx@bing.com,"617-317-4796",Human Resources Assistant III,2018-08-04,1,Pierson Abbyss,Single,"0622 Manitowish Hill",Boston,Massachusetts,Northeast,0
28,ptaylderhm@wunderground.com,"210-773-0369",Design Engineer,2016-10-25,1,Pippa Taylder,Single,"29 Nova Way",San Antonio,Texas,South,0
36,pmacgeffenhr@de.vu,"707-233-6862",Marketing Assistant,2012-02-19,1,Pippo Macgeffen,Single,"2659 Mesta Avenue",Santa Rosa,California,West,0
31,pmasserelw@mapy.cz,"573-939-4684",Tax Accountant,2015-02-17,1,Pippo Masserel,Single,"23 Rutledge Alley",Columbia,Missouri,Midwest,0
32,rgilman7c@vk.com,"682-955-6111",Staff Accountant IV,2020-09-26,1,Rab Gilman,Married,"281 Crownhardt Avenue",Fort Worth,Texas,South,0
52,rrosenkrancmc@pcworld.com,"901-961-0294",Computer Systems Analyst IV,2022-05-07,1,Ralf Rosenkranc,Single,"55837 School Junction",Memphis,Tennessee,South,0
28,rcrimes4v@a8.net,"970-691-0638",Account Coordinator,2014-05-23,1,Randy Crimes,Married,"71644 Vidon Street",Grand Junction,Colorado,West,0
44,rbonallack5v@oakley.com,"901-984-3815",Accounting Assistant III,2017-04-28,1,Rani Bonallack,Single,"35774 Carpenter Junction",Memphis,Tennessee,South,0
40,ratkinsh4@si.edu,"713-207-1518",Assistant Professor,2017-03-23,1,Ransom Atkins,Divorced,"50 Vera Street",Houston,Texas,South,0
40,rswyersexey36@senate.gov,"785-189-6297",Database Administrator IV,2020-09-05,1,Raphael Swyer-sexey,Divorced,"48 Drewry Avenue",Topeka,Kansas,Midwest,0
47,rbeardon5j@weather.com,"804-225-4984",Help Desk Technician,2021-09-16,1,Rawley Beardon,Married,"929 Messerschmidt Circle",Richmond,Virginia,South,0
40,rgooddayd0@hc360.com,"701-415-6576",Financial Analyst,2014-06-23,1,Rea Goodday,Separated,"167 Morrow Plaza",Fargo,North Dakota,Midwest,0
52,rmaynell83@creativecommons.org,"303-168-6725",Environmental Specialist,2021-12-18,1,Reamonn Maynell,Single,"427 Roth Street",Denver,Colorado,West,0
28,rpilgerdp@constantcontact.com,"713-581-8295",Recruiting Manager,2016-05-19,1,Reyna Pilger,Single,"70985 Crowley Junction",Houston,Texas,South,0
62,raharonimj@weather.com,"402-126-9351",Programmer I,2015-05-10,1,Rhody Aharoni,Married,"0453 Red Cloud Point",Omaha,Nebraska,Midwest,0
49,rsoigne4m@state.gov,"816-964-0685",Research Assistant III,2016-06-11,1,Ricki Soigne,Single,"312 Corry Crossing",Shawnee Mission,Kansas,Midwest,0
54,rstappardmk@nymag.com,"510-255-8794",Director of Sales,2017-12-02,1,Ricki Stappard,Married,"96290 Sloan Center",Berkeley,California,West,0
49,ryukhnin8j@ocn.ne.jp,"608-237-9807",Paralegal,2019-01-16,1,Riva Yukhnin,Married,"56377 Fallview Crossing",Madison,Wisconsin,Midwest,0
59,rhaversond1@mtv.com,"562-775-9809",,2017-11-25,1,Rodd Haverson,Single,"8428 Lakewood Gardens Street",Long Beach,California,West,0
27,ramburgykw@cbslocal.com,"719-263-4613",Account Representative III,2016-10-21,1,Rolfe Amburgy,Divorced,"0083 Blackbird Circle",Pueblo,Colorado,West,0
32,rgreavept@themeforest.net,"310-998-8540",Systems Administrator I,2015-04-09,1,Roscoe Greave,Married,"682 Redwing Lane",Long Beach,California,West,0
32,rmcauslandik@dion.ne.jp,"509-116-1521",Analyst Programmer,2016-09-30,1,Rosetta Mcausland,Married,"13 Shopko Avenue",Spokane,Washington,West,0
50,rkatzmg@amazon.co.jp,"865-854-3459",Research Assistant III,2017-04-14,1,Row Katz,Married,"87 Kensington Hill",Knoxville,Tennessee,South,0
51,rknowlys5z@zdnet.com,"919-812-2525",Actuary,2018-03-01,1,Rubi Knowlys,Separated,"055 Golf Way",Raleigh,North Carolina,South,0
52,sslyforddc@reference.com,"334-887-7288",Nurse Practicioner,2018-04-19,1,Sarah Slyford,Separated,"67886 Hansons Trail",Montgomery,Alabama,South,0
35,sconklin7j@biblegateway.com,"504-155-8619",Senior Quality Engineer,2018-09-04,1,Say Conklin,Single,"58 Sachs Terrace",New Orleans,Louisiana,South,0
35,swettero5@example.com,"417-769-8386",Nurse Practicioner,2014-10-10,1,Sayres Wetter,Married,"4070 Lindbergh Crossing",Springfield,Missouri,Midwest,0
21,salsina7u@time.com,"434-555-1251",Safety Technician I,2021-09-07,1,Shae Alsina,Single,"30 Toban Park",Charlottesville,Virginia,South,0
25,sditchettqj@reference.com,"203-505-3211",,2021-11-16,1,Shae Ditchett,Married,"05799 Merchant Trail",Bridgeport,Connecticut,Northeast,0
26,sreijmers7l@goo.gl,"903-601-4698",Registered Nurse,2021-02-23,1,Sharline Reijmers,Married,"8734 Melrose Road",Tyler,Texas,South,0
36,soakenfalldh@irs.gov,"808-747-9997",Cost Accountant,2015-01-08,1,Shayne Oakenfall,Married,"6 Stone Corner Crossing",Honolulu,Hawaii,West,0
66,ssywell4q@networksolutions.com,"915-245-0329",Research Associate,2015-02-10,1,Sheela Sywell,Married,"72685 East Place",El Paso,Texas,South,0
51,skort5n@wufoo.com,"858-990-5533",Accountant III,1916-02-20,1,Sibelle Kort,Divorced,"906 Rockefeller Pass",San Diego,California,West,1
55,ssleithg@taobao.com,"260-936-0269",Director of Sales,2016-07-31,1,Sid Sleit,Divorced,"87444 Milwaukee Trail",Fort Wayne,Indiana,Midwest,0
29,shellingsim@behance.net,"515-844-1280",Health Coach I,2018-04-10,1,Sigismond Hellings,Divorced,"65933 Porter Way",Des Moines,Iowa,Midwest,0
45,scatley1l@marriott.com,"510-173-3081",Senior Quality Engineer,2021-06-08,1,Stafford Catley,Separated,"413 Rutledge Place",Oakland,California,West,0
49,sjee70@mapy.cz,"601-560-7969",Editor,2013-03-17,1,Stanly Jee,Separated,"20 Golf Trail",Jackson,Mississippi,South,0
24,shewkinon@aol.com,"330-556-0111",Associate Professor,2020-07-09,1,Starr Hewkin,Divorced,"74 Ruskin Place",Akron,Ohio,Midwest,0
36,sbauntonha@alexa.com,"704-251-2279",Paralegal,2022-01-31,1,Stillmann Baunton,Single,"2172 Morningstar Center",Charlotte,North Carolina,South,0
26,tchesshyre8r@senate.gov,"813-165-2160",Mechanical Systems Engineer,2020-12-14,1,Taryn Chesshyre,Separated,"26394 Badeau Hill",Tampa,Florida,South,0
55,tshelbourne73@wired.com,"406-576-0919",Assistant Manager,2017-08-11,1,Teador Shelbourne,Single,"73 Mitchell Junction",Missoula,Montana,West,0
40,tcastane5@walmart.com,"212-192-9859",Media Manager I,2014-04-19,1,Tess Castan,Married,"5583 Hudson Lane",New York City,New York,Northeast,0
56,tweatherburn22@npr.org,"909-812-9452",Junior Executive,2015-01-30,1,Thain Weatherburn,Married,"19313 Prentice Crossing",Pomona,California,West,0
32,tmackneis7e@ycombinator.com,"503-482-9927",Office Assistant I,2015-04-23,1,Theda Mackneis,Single,"10 Graceland Circle",Portland,Oregon,West,0
37,tgillisonx@amazon.com,"612-566-0886",Food Chemist,2014-07-13,1,Thibaut Gillison,Separated,"1 Laurel Terrace",Saint Paul,Minnesota,Midwest,0
62,tsquibbsdg@xinhuanet.com,"704-734-5118",Nuclear Power Engineer,2015-01-01,1,Thomasin Squibbs,Single,"042 Heffernan Crossing",Charlotte,North Carolina,South,0
44,tlinsay6z@hhs.gov,"224-192-9116",Biostatistician III,2020-08-03,1,Titus Linsay,Divorced,"38930 Westport Lane",Chicago,Illinois,Midwest,0
53,tkalbererfr@shareasale.com,"916-986-8631",Accounting Assistant III,2022-02-19,1,Toinette Kalberer,Divorced,"494 Rigney Place",Sacramento,California,West,0
38,tlambeak@rediff.com,"202-931-4461",Environmental Tech,1912-05-08,1,Town Lambe,Married,"3 Crest Line Plaza",Washington,District of Columbia,South,1
27,tlightman6k@t.co,"502-335-9407",Senior Sales Associate,2021-09-20,1,Tyrus Lightman,Single,"2520 Luster Avenue",Louisville,Kentucky,South,0
51,utoplis7f@google.com.br,"843-217-4779",Clinical Specialist,2022-03-20,1,Urbano Toplis,Married,"083 Washington Road",Florence,South Carolina,South,0
54,vdudmarshan@zimbio.com,"321-347-4925",Senior Editor,2020-10-27,1,Vevay Dudmarsh,Married,"6425 Del Sol Court",Melbourne,Florida,South,0
41,veckford77@surveymonkey.com,"501-872-1231",Media Manager II,2017-12-26,1,Vinnie Eckford,Separated,"18 Bay Way",Hot Springs National Park,Arkansas,South,0
29,wwardley3o@forbes.com,"502-792-0627",Product Engineer,2014-11-15,1,Wallie Wardley,Single,"98185 Mcbride Crossing",Louisville,Kentucky,South,0
50,wmccritchieax@jalbum.net,"716-258-7121",,2021-08-08,1,Wendell Mccritchie,Married,"1 Dottie Hill",Buffalo,New York,Northeast,0
64,wdudbridgekr@addthis.com,"860-842-0183",Dental Hygienist,2021-12-22,1,Wendie Dudbridge,Single,"646 Corben Pass",Hartford,Connecticut,Northeast,0
40,wmolan23@businessinsider.com,"917-437-0962",Professor,2014-01-02,1,West Molan,Separated,"0 Florence Terrace",Brooklyn,New York,Northeast,0
63,wdanilovix@is.gd,,Account Executive,2015-05-16,1,Wilfrid Danilov,Married,"5208 Tennyson Road",Dallas,Texas,South,0
23,wruhbenb0@wikia.com,"972-757-4447",VP Sales,2022-01-29,1,Winston Ruhben,Married,"2 Bunting Park",Dallas,Texas,South,0
50,wproctora6@amazon.de,"910-707-2698",Technical Writer,2019-02-10,1,Worthy Proctor,Single,"85531 Carpenter Crossing",Wilmington,North Carolina,South,0
27,yprivost4p@china.com.cn,"425-508-9664",Biostatistician II,2016-07-04,1,Yank Privost,Married,"92 Sloan Crossing",Seattle,Washington,West,0
25,ymarlek0@wsj.com,"971-653-6739",Human Resources Assistant I,2018-02-04,1,Yorgo Marle,Divorced,"5 Portage Hill",Salem,Oregon,West,0
37,zkingstnedh@webmd.com,"813-655-4687",Senior Sales Associate,2019-07-07,1,Zebadiah Kingstne,Married,"9 Village Plaza",Tampa,Florida,South,0
29,zfenkelh0@paypal.com,"602-974-2393",Web Developer I,2019-04-15,1,Zena Fenkel,Married,"278 Scofield Park",Phoenix,Arizona,West,0
42,zworthyem@oaic.gov.au,"763-458-7908",Associate Professor,2012-07-09,1,Zerk Worthy,Single,"71 Forest Junction",Monticello,Minnesota,Midwest,0
25,abotly9u@epa.gov,"303-158-1609",Teacher,2014-07-18,1,Artur Botly,Divorced,"84506 Bartillon Parkway",Denver,Colorado,West,0
27,erubinchik7v@smh.com.au,"434-317-8964",Senior Editor,2015-12-14,1,Erin Rubinchik,Married,"620 Sommers Terrace",Charlottesville,Virginia,South,0
38,gredhole4@japanpost.jp,"917-394-6001",Legal Assistant,2019-05-29,1,Gaylor Redhole,Married,"88 Cherokee Pass",New York City,New York,Northeast,0
35,mpennell20@t.co,"334-823-6679",Financial Advisor,2020-01-25,1,Marc Pennell,Married,"68788 Lyons Road",Montgomery,Alabama,South,0
43,osmeuin5u@businessinsider.com,"605-365-3239",Design Engineer,2016-11-21,1,Onfroi Smeuin,Single,"523 Straubel Way",Sioux Falls,South Dakota,Midwest,0
54,aelmara5@dmoz.org,"614-339-8671",Assistant Manager,2019-03-30,1,Ahmed Elmar,Married,"754 Memorial Circle",Columbus,Ohio,Midwest,0
39,astattonbq@wikimedia.org,"909-336-7468",Accountant IV,2015-01-01,1,Aila Statton,Single,"701 Gulseth Circle",San Bernardino,California,West,0
64,aluardhy@nbcnews.com,"614-673-7536",VP Marketing,2020-02-12,1,Aland Luard,Married,"92 Vidon Lane",Columbus,Ohio,Midwest,0
51,acawsek6@themeforest.net,"347-780-9174",Senior Editor,2017-11-06,1,Ali Cawse,Divorced,"41894 Sunbrook Road",Flushing,New York,Northeast,0
46,btucsellqu@creativecommons.org,"646-997-1463",General Manager,2017-09-24,1,Bat Tucsell,Married,"91167 South Way",New York City,New York,Northeast,0
53,bgippy@xing.com,"843-853-3476",Clinical Specialist,2017-04-06,1,Bent Gipp,Married,"60249 Havey Hill",Charleston,South Carolina,South,0
19,bloranscj@disqus.com,"315-431-3237",Chief Design Engineer,2015-02-20,1,Britt Lorans,Single,"3 Oneill Road",Rochester,New York,Northeast,0
51,baxonij@microsoft.com,"281-943-2013",Account Representative II,2018-06-18,1,Bunny Axon,,"769 Annamark Parkway",Houston,Texas,South,0
46,cmableyhz@apple.com,"989-453-1608",Account Coordinator,2018-06-27,1,Cissiee Mabley,Divorced,"02 Lien Drive",Saginaw,Michigan,Midwest,0
28,cmcbrydelj@a8.net,"510-425-1408",Senior Developer,2018-12-27,1,Clint Mcbryde,Married,"48 Prairie Rose Point",Oakland,California,West,0
25,ccresargh@twitpic.com,"321-176-3346",Human Resources Manager,2021-09-06,1,Cosmo Cresar,Separated,"6 Oneill Plaza",Melbourne,Florida,South,0
50,dbarnbyoy@uiuc.edu,"754-118-7684",Payment Adjustment Coordinator,2017-11-23,1,Derby Barnby,Single,"68 Lindbergh Crossing",Fort Lauderdale,Florida,South,0
32,dstraw2c@yolasite.com,"321-732-8153",Legal Assistant,2018-07-05,1,Dilan Straw,Married,"2777 Leroy Avenue",Melbourne,Florida,South,0
25,dodeeqd@sciencedaily.com,"828-187-6029",Dental Hygienist,2014-07-07,1,Dion O'dee,Single,"1 Paget Point",Asheville,North Carolina,South,0
28,ddurganig@newsvine.com,"616-714-0792",Librarian,2021-01-26,1,Doy Durgan,Single,"8 Barnett Point",Grand Rapids,Michigan,Midwest,0
35,dstruttq9@gizmodo.com,"208-738-0821",Compensation Analyst,2020-10-06,1,Dulcia Strutt,Single,"8 Reinke Street",Idaho Falls,Idaho,West,0
40,drue8b@comcast.net,"860-665-6469",Sales Associate,2019-02-08,1,Dur Rue,Single,"2 Center Pass",Hartford,Connecticut,Northeast,0
31,ecordrey9f@hugedomains.com,"617-194-6366",Assistant Media Planner,2013-02-25,1,Eberto Cordrey,Single,"32 Quincy Place",Boston,Massachusetts,Northeast,0
46,enaulje@g.co,"971-144-2481",Software Consultant,2013-01-04,1,Eric Naul,Married,"3 Oak Pass",Portland,Oregon,West,0
40,eixor27@eepurl.com,"202-633-7657",,2019-05-05,1,Eula Ixor,Married,"8 Sunnyside Point",Washington,District of Columbia,South,0
68,fkiff5x@bigcartel.com,"407-435-5138",Software Test Engineer III,2017-08-05,1,Feliza Kiff,Married,"1 Vera Park",Orlando,Florida,South,0
43,glown4a@shareasale.com,"203-958-4784",Design Engineer,2015-10-27,1,Gael Lown,Single,"71 Red Cloud Point",New Haven,Connecticut,Northeast,0
37,gkaesdp@ask.com,"509-710-1164",Chemical Engineer,2019-05-13,1,Ganny Kaes,Single,"22287 Cody Point",Spokane,Washington,West,0
48,glevene2d@icio.us,"203-938-9622",Safety Technician I,2017-03-27,1,Glen Levene,Married,"995 Mcguire Crossing",Hartford,Connecticut,Northeast,0
50,hfritz1m@qq.com,"314-601-2471",Human Resources Assistant I,2021-08-28,1,Harold Fritz,Married,"60 Morningstar Way",Saint Louis,Missouri,Midwest,0
33,imcjury3a@umich.edu,"205-919-6617",Developer IV,2017-03-06,1,Ilise Mcjury,Married,"3644 Elmside Lane",Birmingham,Alabama,South,0
28,imolian71@google.nl,"702-361-0034",Community Outreach Specialist,2016-07-14,1,Irv Molian,Married,"6823 Stephen Street",Las Vegas,Nevada,West,0
35,jcunradink@spiegel.de,"312-151-1737",VP Marketing,2016-03-24,1,Jada Cunradi,Divorced,"7825 Independence Road",Chicago,Illinois,Midwest,0
51,jcastrl@vistaprint.com,"312-142-7006",Help Desk Operator,2013-02-21,1,Jerrine Cast,Divorced,"60 Paget Road",Chicago,Illinois,Midwest,0
26,kpeirolp@zimbio.com,"304-974-5627",Software Test Engineer I,2015-03-16,1,Kaia Peiro,Single,"139 Magdeline Alley",Charleston,West Virginia,South,0
25,kginnimg@baidu.com,"408-417-8990",Assistant Manager,2017-05-21,1,Kania Ginni,Married,"5251 Stone Corner Parkway",San Jose,California,West,0
35,kigo7o@drupal.org,"319-278-3442",Analog Circuit Design manager,2018-11-02,1,Katrina Igo,Married,"7954 Redwing Pass",Cedar Rapids,Iowa,Midwest,0
47,kpole3l@time.com,"682-913-5566",Software Test Engineer III,2014-09-19,1,Kris Pole,Single,"4064 Pankratz Parkway",Fort Worth,Texas,South,0
53,lastillqt@prweb.com,"702-884-3188",General Manager,2018-06-27,1,Leola Astill,Divorced,"2 Memorial Circle",Las Vegas,Nevada,West,0
52,lovitts8z@yandex.ru,"254-309-1656",Payment Adjustment Coordinator,2021-01-28,1,Lou Ovitts,Married,"3810 Armistice Street",Waco,Texas,South,0
33,lcoeyjn@globo.com,"773-156-8056",Librarian,2017-02-04,1,Lusa Coey,Divorced,"1191 Paget Drive",Chicago,Illinois,Midwest,0
33,mcroose56@elegantthemes.com,"518-668-3966",Data Coordiator,2015-11-26,1,Mil Croose,Single,"02 Swallow Park",Albany,New York,Northeast,0
32,mnagle3f@earthlink.net,"405-816-7771",Director of Sales,2014-02-06,1,Mord Nagle,Single,"74 Hanover Park",Oklahoma City,Oklahoma,South,0
50,pcorker75@eventbrite.com,"863-592-5934",Office Assistant IV,2015-05-20,1,Patti Corker,Married,"2 Village Plaza",Lakeland,Florida,South,0
27,rpantry6h@cbc.ca,"518-298-5985",Human Resources Assistant II,2015-03-22,1,Reggi Pantry,Separated,"62 Lakeland Crossing",Albany,New York,Northeast,0
33,rdaddaff@sakura.ne.jp,"682-569-3780",Director of Sales,2013-07-22,1,Ring D'adda,Married,"71 Melrose Plaza",Fort Worth,Texas,South,0
39,rleercl@mit.edu,"205-799-5369",Technical Writer,2014-12-04,1,Risa Leer,Separated,"84598 Corscot Trail",Birmingham,Alabama,South,0
46,snoblede@bbb.org,"415-485-1366",Statistician IV,2021-08-27,1,Stu Noble,Married,"26 Westport Parkway",San Francisco,California,West,0
46,ssharvell2@amazon.co.jp,"702-187-8715",Budget/Accounting Analyst I,2017-10-06,1,Sydel Sharvell,Divorced,"4 School Place",Las Vegas,Nevada,West,0
44,tdigginoa@hubpages.com,"318-943-4030",Community Outreach Specialist,2016-12-21,1,Tate Diggin,Single,"40313 Spaight Junction",Shreveport,Louisiana,South,0
52,ucalcotto1@google.nl,"239-478-9349",Technical Writer,2021-03-02,1,Ugo Calcott,Married,"7 Warbler Parkway",Naples,Florida,South,0
55,vchanningov@wired.com,"805-763-8098",Research Nurse,2018-03-08,1,Velma Channing,Divorced,"6 Clemons Junction",San Luis Obispo,California,West,0
29,vdeleah7@marketwatch.com,"202-657-6353",Legal Assistant,2021-12-26,1,Vivyan Delea,Married,"18 Spenser Terrace",Washington,District of Columbia,South,0
33,zbrandio@booking.com,"714-921-3262",Community Outreach Specialist,2012-10-24,1,Zara Brandi,Divorced,"07 David Alley",Garden Grove,California,West,0
49,ztearb3@constantcontact.com,"775-683-9166",Computer Systems Analyst II,2021-08-25,1,Zed Tear,Married,"47 Mallory Park",Reno,Nevada,West,0
34,zragatku@forbes.com,"850-871-1154",Mechanical Systems Engineer,2015-11-15,1,Zelig Ragat,Married,"114 Oak Valley Lane",Tallahassee,Florida,South,0
26,astanylandb1@livejournal.com,"504-807-5860",Paralegal,2017-12-28,1,Abbe Stanyland,Single,"48 Spohn Center",Metairie,Louisiana,South,0
25,ajobbinsnr@dagondesign.com,"404-327-3741",Media Manager II,2019-11-26,1,Abbi Jobbins,Married,"97 Vernon Terrace",Atlanta,Georgia,South,0
25,alabitt1s@netlog.com,"682-616-5436",VP Marketing,2019-07-01,1,Abra Labitt,Married,"92 Carpenter Pass",Fort Worth,Texas,South,0
31,acurteisd7@ucoz.ru,"785-931-9228",Editor,2015-05-27,1,Abraham Curteis,Single,"52323 Ruskin Crossing",Topeka,Kansas,Midwest,0
28,awhittetfh@i2i.jp,"334-543-3840",Recruiting Manager,2016-01-28,1,Adan Whittet,Married,"06204 Sheridan Point",Montgomery,Alabama,South,0
43,awaplescr@walmart.com,"804-523-8602",Senior Financial Analyst,2020-06-30,1,Adda Waples,Married,"0996 Hanover Lane",Richmond,Virginia,South,0
40,alush0@shutterfly.com,"254-389-8708",Assistant Professor,2013-07-31,1,Addie Lush,Married,"3226 Eastlawn Pass",Temple,Texas,South,0
50,atreamaynep6@icio.us,"940-299-0451",Computer Systems Analyst I,2021-12-22,1,Addie Treamayne,Separated,"7 Forest Dale Lane",Wichita Falls,Texas,South,0
58,adonnei6@arstechnica.com,"754-579-6176",Analog Circuit Design manager,2017-02-02,1,Adelle Donne,Divorced,"95 Melvin Court",Fort Lauderdale,Florida,South,0
55,arome4d@linkedin.com,"806-769-4461",Administrative Assistant III,2020-06-10,1,Adey Rome,Married,"0 Kensington Trail",Amarillo,Texas,South,0
51,alanfranchi9e@nsw.gov.au,"843-680-2377",Accountant IV,2019-04-09,1,Adolf Lanfranchi,Married,"74 Clarendon Crossing",Myrtle Beach,South Carolina,South,0
28,apietruszkadj@joomla.org,"309-391-5898",Nurse,2021-02-10,1,Adoree Pietruszka,Single,"0595 Harper Court",Peoria,Illinois,Midwest,0
30,aferentzpj@livejournal.com,"408-287-6001",Human Resources Assistant I,2021-07-22,1,Adrian Ferentz,Divorced,"8 Lakewood Center",San Jose,California,West,0
30,atorticecc@sun.com,"318-793-1095",Senior Quality Engineer,2017-09-21,1,Adrian Tortice,Married,"025 Village Green Terrace",Monroe,Louisiana,South,0
27,aprittypp@narod.ru,"503-404-9579",Accountant I,2013-03-28,1,Adriana Pritty,Single,"86 High Crossing Lane",Portland,Oregon,West,0
35,afrusher31@altervista.org,"267-621-7446",Account Coordinator,2016-12-18,1,Aeriela Frusher,Married,"714 Scoville Place",Bethlehem,Pennsylvania,Northeast,0
32,aangelinilu@whitehouse.gov,"806-508-7374",Database Administrator I,2013-07-10,1,Aeriell Angelini,Married,"0 Brown Street",Amarillo,Texas,South,0
22,areignard1u@vk.com,"386-403-0873",Senior Quality Engineer,2020-07-30,1,Agnesse Reignard,Single,"703 Almo Place",Daytona Beach,Florida,South,0
48,atordoff5o@meetup.com,"717-220-3230",Desktop Support Technician,2019-06-12,1,Agretha Tordoff,Married,"49488 Cambridge Park",Harrisburg,Pennsylvania,Northeast,0
49,aoguzho@aol.com,"515-827-2256",Editor,2015-02-11,1,Aguste Oguz,Single,"8062 Dwight Road",Des Moines,Iowa,Midwest,0
26,aknollerkp@hp.com,"309-338-8698",VP Sales,2020-03-17,1,Aidan Knoller,Divorced,"35152 Grayhawk Center",Carol Stream,Illinois,Midwest,0
23,agolleyf4@squidoo.com,"303-390-1960",Chief Design Engineer,2020-04-29,1,Aile Golley,Single,"3236 Montana Trail",Denver,Colorado,West,0
59,afaivrenc@goodreads.com,"757-490-1507",Marketing Assistant,2021-06-07,1,Ailee Faivre,Married,"63895 Bay Park",Virginia Beach,Virginia,South,0
61,awallmang8@desdev.cn,"718-108-4595",Software Engineer II,2019-08-30,1,Ailina Wallman,Married,"376 Bunker Hill Terrace",Brooklyn,New York,Northeast,0
43,amelialy@ebay.co.uk,"212-982-8565",Mechanical Systems Engineer,2017-08-02,1,Ailis Melia,Divorced,"6 Mockingbird Crossing",New York City,New York,Northeast,0
40,afoker2x@utexas.edu,"832-846-6230",Research Nurse,2019-06-15,1,Aimee Foker,Single,"75567 Wayridge Crossing",Houston,Texas,South,0
53,adegenhardtec@chronoengine.com,"14-900-1376",Help Desk Technician,2019-10-23,1,Ajay Degenhardt,Married,"45479 Mayer Street",Newport Beach,California,West,0
65,atellenbrookbp@nhs.uk,"949-852-1026",Teacher,2017-10-15,1,Aksel Tellenbrook,Single,"450 Rutledge Court",Newport Beach,California,West,0
26,adeancy5w@dell.com,"269-348-6723",Recruiter,2016-03-14,1,Alain De'-ancy Willis,Married,"253 Esch Pass",Kalamazoo,Michigan,Midwest,0
32,aorehead1r@theatlantic.com,"763-805-3779",Accountant I,2018-10-24,1,Alameda Orehead,Divorced,"01 Independence Center",Monticello,Minnesota,Midwest,0
48,augoniqj@mysql.com,"410-372-1756",Software Test Engineer II,2013-03-22,1,Alan Ugoni,Divorced,"91500 Warbler Hill",Baltimore,Maryland,South,0
29,ashouldersjo@mashable.com,"901-132-5984",Research Assistant II,2021-04-06,1,Alano Shoulders,Married,"5567 Schmedeman Trail",Memphis,Tennessee,South,0
33,aspencockev@foxnews.com,"318-687-2999",Marketing Assistant,2019-12-23,1,Alano Spencock,Single,"9276 David Way",Boston,Massachusetts,Northeast,0
30,azealandercn@apache.org,"757-558-9018",Analyst Programmer,2017-10-08,1,Alasdair Zealander,Married,"23 Becker Crossing",Norfolk,Virginia,South,0
43,abohje4g@bloomberg.com,"832-300-6027",Environmental Specialist,2022-06-14,1,Alastair Bohje,Married,"418 Sutteridge Drive",Houston,Texas,South,0
34,amcleish3r@cyberchimps.com,"612-560-7662",GIS Technical Architect,2016-01-25,1,Alayne Mcleish,Married,"057 Almo Trail",Minneapolis,Minnesota,Midwest,0
65,akrugergv@ifeng.com,"301-681-8978",Clinical Specialist,2015-11-16,1,Aldus Kruger,Married,"853 Manitowish Hill",Bethesda,Maryland,South,0
48,abugg6b@nyu.edu,"920-897-4892",Systems Administrator IV,2012-01-28,1,Alejoa Bugg,Single,"9 Del Sol Crossing",Appleton,Wisconsin,Midwest,0
56,achampagnel4@jalbum.net,"541-184-5618",Internal Auditor,2022-04-27,1,Alena Champagne,Married,"8528 Mifflin Point",Eugene,Oregon,West,0
68,anisenge@tinyurl.com,"716-652-9946",Food Chemist,2018-06-30,1,Alena Nisen,Married,"5144 Tennyson Way",Buffalo,New York,Northeast,0
27,acasterou56@unicef.org,"602-234-4894",Assistant Professor,2021-03-30,1,Alene Casterou,Separated,"4098 Lawn Pass",Scottsdale,Arizona,West,0
33,acolsonp9@usa.gov,"859-474-6855",Research Assistant II,2021-05-09,1,Alessandra Colson,Single,"93049 Hauk Lane",Lexington,Kentucky,South,0
22,amoylesqw@indiatimes.com,"610-719-3196",Electrical Engineer,2017-02-28,1,Aleta Moyles,Single,"9129 Tennyson Junction",Philadelphia,Pennsylvania,Northeast,0
38,acodi4x@europa.eu,"608-935-6757",Registered Nurse,2021-04-19,1,Alexio Codi,Married,"752 Cody Way",Madison,Wisconsin,Midwest,0
40,arochesrd@tumblr.com,"770-444-9152",Human Resources Manager,2021-05-26,1,Alfreda Roches,,"83 Clove Plaza",Alpharetta,Georgia,South,0
46,acordel3r@msn.com,"414-218-4033",Programmer II,2012-11-17,1,Ali Cordel,Married,"30 Browning Pass",Milwaukee,Wisconsin,Midwest,0
50,aderricoc4@nsw.gov.au,"785-579-1986",Editor,2018-06-08,1,Alica D'errico,Married,"2166 Sundown Point",Topeka,Kansas,Midwest,0
52,abamellpc@squidoo.com,"850-167-7028",Help Desk Technician,2021-09-14,1,Alicea Bamell,Married,"0237 Lunder Hill",Tallahassee,Florida,South,0
49,abroom48@vinaora.com,"973-534-1697",Desktop Support Technician,2021-12-28,1,Alicea Broom,Married,"50 Corben Point",Newark,New Jersey,Northeast,0
59,avasentsovq8@wikispaces.com,"304-396-7273",Information Systems Manager,2020-01-31,1,Alika Vasentsov,Married,"536 Fallview Way",Huntington,West Virginia,South,0
56,asloang2@adobe.com,"702-729-1750",Business Systems Development Analyst,2017-04-06,1,Alina Sloan,Married,"0000 Oneill Street",Las Vegas,Nevada,West,0
61,abulbrookn8@blogger.com,"407-926-3123",Database Administrator I,2016-10-05,1,Alix Bulbrook,Single,"38 International Circle",Orlando,Florida,South,0
26,amacdearmidrp@shareasale.com,"678-769-1743",VP Sales,2018-07-08,1,Allayne Macdearmid,Married,"2 Corscot Junction",Lawrenceville,Georgia,South,0
30,acooncu@earthlink.net,"202-320-9931",Product Engineer,2019-03-13,1,Allister Coon,Divorced,"808 Farmco Street",Washington,District of Columbia,South,0
50,alawrierq@wsj.com,"515-452-7385",Nurse Practicioner,2021-03-19,1,Allix Lawrie,Divorced,"162 Orin Way",Des Moines,Iowa,Midwest,0
55,apessoltb9@reverbnation.com,"816-470-5706",Help Desk Technician,2019-09-03,1,Allyn Pessolt,Single,"020 Meadow Valley Alley",Kansas City,Missouri,Midwest,0
19,adickman8f@homestead.com,"901-915-6611",Cost Accountant,2018-08-29,1,Alma Dickman,Single,"667 Meadow Ridge Parkway",Memphis,Tennessee,South,0
47,ascorrerbu@geocities.com,"310-647-4271",Dental Hygienist,2016-04-04,1,Almeda Scorrer,Divorced,"1030 Portage Trail",Santa Ana,California,West,0
66,asexonm6@accuweather.com,"347-246-6203",Community Outreach Specialist,2015-07-11,1,Almeta Sexon,Divorced,"56 Acker Place",Brooklyn,New York,Northeast,0
28,agerring1y@studiopress.com,"518-445-4052",Desktop Support Technician,2018-02-25,1,Aloise Gerring,Divorced,"2 4th Crossing",Schenectady,New York,Northeast,0
58,aromi4z@sohu.com,"952-182-6985",Programmer Analyst I,2017-10-31,1,Aloisia Romi,Married,"9427 Fair Oaks Center",Young America,Minnesota,Midwest,0
41,ahourstonbr@bluehost.com,"302-606-2152",Safety Technician II,2017-10-04,1,Alon Hourston,Single,"404 Kinsman Hill",Wilmington,Delaware,South,0
60,abemroseab@ucla.edu,"559-660-7343",Cost Accountant,2015-10-09,1,Althea Bemrose,Single,"5 Milwaukee Street",Fresno,California,West,0
38,aduleylx@simplemachines.org,"202-342-0096",Executive Secretary,2022-01-21,1,Aluino Duley,Married,"502 Maple Junction",Washington,District of Columbia,South,0
411,adellhp@yale.edu,"951-142-9340",Food Chemist,2019-03-10,1,Alva Dell 'orto,Married,"10 Carpenter Lane",Riverside,California,West,1
54,aeustacelv@ftc.gov,"727-457-8528",Nuclear Power Engineer,2016-06-25,1,Alwin Eustace,Divorced,"85 Rigney Avenue",Largo,Florida,South,0
50,adethloff61@lycos.com,"202-797-1834",Account Coordinator,2012-12-25,1,Alyson Dethloff,Married,"2 Stone Corner Terrace",Washington,District of Columbia,South,0
33,acallendarke@domainmarket.com,"952-900-5919",Quality Engineer,2016-01-08,1,Alyss Callendar,Single,"218 Maple Wood Center",Young America,Minnesota,Midwest,0
51,arosendahl1e@ft.com,"202-464-4950",Assistant Professor,2017-10-10,1,Alyssa Rosendahl,Single,"5 Cottonwood Plaza",Washington,District of Columbia,South,0
54,asnowballh5@bluehost.com,"812-327-7555",Financial Analyst,2022-03-19,1,Amalea Snowball,Married,"9688 Hooker Hill",Evansville,Indiana,Midwest,0
27,ajensena3@netscape.com,"434-883-4657",,2019-05-02,1,Amandi Jensen,Separated,"04024 Miller Lane",Charlottesville,Virginia,South,0
28,aholtomri@berkeley.edu,"712-550-1738",Administrative Officer,2022-02-16,1,Ambros Holtom,Married,"5496 Bartelt Hill",Sioux City,Iowa,Midwest,0
41,acroosejk@tinyurl.com,"816-798-5715",Chemical Engineer,2019-07-13,1,Ambrosi Croose,Married,"9817 Raven Court",Kansas City,Missouri,Midwest,0
26,acrennan2h@patch.com,"562-305-0578",Structural Engineer,2020-09-05,1,Amelina Crennan,Single,"443 Prentice Hill",Whittier,California,West,0
28,adanilyukny@shareasale.com,"505-750-5944",Marketing Manager,2019-01-22,1,Amelita Danilyuk,Single,"44799 Fallview Hill",Albuquerque,New Mexico,West,0
61,ayukhinnv@slideshare.net,"214-730-9310",Senior Editor,2016-07-02,1,Amii Yukhin,Divorced,"391 Spenser Parkway",Dallas,Texas,South,0
21,aduckerinhe@free.fr,"404-633-2201",Teacher,2015-08-22,1,Amil Duckerin,Married,"13 Melvin Plaza",Atlanta,Georgia,South,0
46,abrosnanrm@comcast.net,"515-903-1211",Human Resources Manager,2019-09-19,1,Amy Brosnan,Married,"50 Dryden Plaza",Des Moines,Iowa,Midwest,0
44,adoughtyrk@loc.gov,"661-170-2665",Nurse Practicioner,2019-09-21,1,Anabelle Doughty,Divorced,"4773 American Ash Road",Palmdale,California,West,0
29,aganley9k@cbslocal.com,"785-597-4491",VP Accounting,2020-02-24,1,Anallise Ganley,Single,"83 Monument Drive",Topeka,Kansas,Midwest,0
43,areuven9q@google.es,"405-963-7638",Software Test Engineer III,2020-11-06,1,Anatola Reuven,Separated,"78404 Walton Park",Oklahoma City,Oklahoma,South,0
33,abourgeois2t@hao123.com,"215-243-4048",Senior Cost Accountant,2015-04-05,1,Andeee Bourgeois,Separated,"8153 Lunder Pass",Philadelphia,Pennsylvania,Northeast,0
51,afibbenar@xing.com,"571-857-7715",Senior Sales Associate,2014-04-06,1,Andrew Fibben,Single,"3979 Petterle Plaza",Sterling,Virginia,South,0
52,arowlya6@studiopress.com,"570-669-7411",Programmer III,2012-12-03,1,Andria Rowly,Single,"99 Buell Point",Wilkes Barre,Pennsylvania,Northeast,0
20,astanbro8a@un.org,"312-161-4484",Occupational Therapist,2017-06-27,1,Andriette Stanbro,Married,"5240 Stone Corner Circle",Chicago,Illinois,Midwest,0
43,aruppelinl9@gmpg.org,"619-360-4313",Staff Accountant III,2020-06-12,1,Andrus Ruppelin,Married,"172 South Alley",San Diego,California,West,0
41,acowlardi1@flickr.com,"512-127-9912",Operator,2019-07-11,1,Andy Cowlard,Single,"148 Canary Circle",Austin,Texas,South,0
49,astaleyn7@rambler.ru,"571-623-6982",Senior Financial Analyst,2021-04-13,1,Anestassia Staley,Single,"900 Carberry Crossing",Vienna,Virginia,South,0
27,aillesleyp7@twitter.com,"859-606-3424",Staff Accountant IV,2021-05-23,1,Anetta Illesley,Married,"849 Nova Circle",Lexington,Kentucky,South,0
36,acusiter1b@nasa.gov,"650-428-8744",Professor,2014-09-05,1,Angel Cusiter,Single,"683 Westerfield Court",Sunnyvale,California,West,0
52,adonisin5@fastcompany.com,"508-223-9593",Research Associate,2021-08-12,1,Angeli Donisi,Single,"67 Vera Pass",Worcester,Massachusetts,Northeast,0
42,asoggl3@rambler.ru,"775-880-8453",Marketing Assistant,2014-01-12,1,Angeli Sogg,Married,"12999 Clarendon Avenue",Sparks,Nevada,West,0
48,aguysg9@fotki.com,"254-841-9016",VP Marketing,2016-02-09,1,Angelica Guys,Single,"6714 New Castle Junction",Gatesville,Texas,South,0
44,asparlinggn@usnews.com,"757-237-6236",Food Chemist,2022-06-29,1,Angelina Sparling,Married,"482 Ryan Court",Portsmouth,Virginia,South,0
48,agaffney4n@jugem.jp,"540-950-8850",Legal Assistant,2016-10-23,1,Angelique Gaffney,Married,"32 Spenser Crossing",Roanoke,Virginia,South,0
23,aseawright8t@nhs.uk,"651-247-2279",Data Coordiator,2015-11-10,1,Anna Seawright,Married,"7289 Ruskin Terrace",Saint Paul,Minnesota,Midwest,0
51,afretson1t@jugem.jp,"214-273-7977",Marketing Assistant,2018-08-01,1,Anna-diane Fretson,Married,"95 Northview Parkway",Arlington,Texas,South,0
29,ajustis19@mlb.com,"702-672-9694",Engineer II,2016-03-11,1,Anna-maria Justis,Married,"730 Armistice Pass",Las Vegas,Nevada,West,0
26,amacpharlaingz@csmonitor.com,"405-508-1103",Senior Editor,2021-03-09,1,Annadiana Macpharlain,Married,"77 Hooker Junction",Oklahoma City,Oklahoma,South,0
52,aetoile2w@artisteer.com,"814-2985",Financial Advisor,1912-10-01,1,Annaliese Etoile,Married,"43 Nova Circle",Garden Grove,California,West,1
43,aoscroft3k@51.la,"260-500-7285",Professor,2021-06-15,1,Anne Oscroft,Single,"486 Cascade Road",Fort Wayne,Indiana,Midwest,0
52,abalsomny@wired.com,"718-247-6744",Design Engineer,2014-03-06,1,Annemarie Balsom,Divorced,"723 Caliangt Park",Jamaica,New York,Northeast,0
20,aleppernh@forbes.com,"484-216-3156",Librarian,2015-09-03,1,Annis Lepper,Single,"9 Paget Drive",Reading,Pennsylvania,Northeast,0
34,abandef2@hhs.gov,"360-123-6168",Assistant Manager,2017-03-27,1,Anthe Bande,Single,"632 Mosinee Street",Seattle,Washington,West,0
29,atreagus69@clickbank.net,"516-179-5381",Help Desk Technician,2021-03-05,1,Antonin Treagus,Divorced,"48 Lotheville Pass",Port Washington,New York,Northeast,0
39,acockshuttp5@google.com.au,"913-322-9095",VP Accounting,2017-09-09,1,Antonino Cockshutt,Divorced,"0079 Sage Parkway",Kansas City,Kansas,Midwest,0
47,amcmichael5h@youtu.be,"717-601-9499",Internal Auditor,2017-06-09,1,Antonius Mcmichael,Married,"8828 Armistice Hill",Harrisburg,Pennsylvania,Northeast,0
60,amorecombk5@fotki.com,"903-267-4814",Nurse,2021-04-16,1,Any Morecomb,Married,"963 Dawn Place",Longview,Texas,South,0
53,atampiond8@linkedin.com,"907-181-0248",Software Test Engineer IV,2020-06-20,1,Arabele Tampion,Married,"90420 East Trail",Fairbanks,Alaska,West,0
62,afleischmann9t@auda.org.au,"251-338-0377",Assistant Professor,2016-11-06,1,Araldo Fleischmann,Single,"3128 Forest Dale Point",Mobile,Alabama,South,0
28,apenhaleurack68@flickr.com,"813-370-9816",Research Nurse,2022-02-17,1,Archie Penhaleurack,Married,"697 Sunnyside Plaza",Tampa,Florida,South,0
36,aallam64@nps.gov,"415-797-9281",Human Resources Assistant I,2012-01-10,1,Arda Allam,Married,"86 Sunfield Parkway",San Rafael,California,West,0
52,aellawaydq@alibaba.com,"615-442-3544",Nurse Practicioner,2013-03-10,1,Ardelia Ellaway,Married,"76 Fulton Pass",Memphis,Tennessee,South,0
50,alarmettjc@blinklist.com,"718-908-1120",Civil Engineer,2013-09-02,1,Ardelis Larmett,Single,"9 Becker Center",Bronx,New York,Northeast,0
39,aberthomieumw@samsung.com,"865-520-8900",Marketing Assistant,2016-11-27,1,Ardenia Berthomieu,Single,"52 Mifflin Road",Knoxville,Tennessee,South,0
37,avoulesav@cyberchimps.com,"863-334-5796",Assistant Manager,2019-05-16,1,Ardisj Voules,Married,"92638 Jenna Park",Lakeland,Florida,South,0
22,acummingsbr@amazon.de,"267-789-0963",Nurse Practicioner,2017-01-09,1,Ardys Cummings,Married,"037 Vahlen Hill",Philadelphia,Pennsylvania,Northeast,0
31,ateesdale8r@ask.com,"336-563-7050",Senior Financial Analyst,2019-08-22,1,Ariel Teesdale,Married,"2 Gateway Parkway",Greensboro,North Carolina,South,0
32,apettiward7p@slashdot.org,"718-885-1649",Business Systems Development Analyst,2021-12-02,1,Ario Pettiward,Married,"3547 Waxwing Crossing",Brooklyn,New York,Northeast,0
67,astorrahrc@google.co.jp,"718-546-8412",Accountant I,2018-07-04,1,Aristotle Storrah,Single,"566 Clemons Terrace",Brooklyn,New York,Northeast,0
30,agoraccilb@pen.io,"650-747-7476",Product Engineer,2012-07-06,1,Arlin Goracci,Single,"29 Meadow Valley Road",Redwood City,California,West,0
44,akemberoi@blogspot.com,"281-106-3001",Community Outreach Specialist,2020-02-09,1,Armand Kember,Married,"51 Reinke Court",Houston,Texas,South,0
25,ahaldenbyjn@technorati.com,"706-457-1431",Editor,2021-02-13,1,Arney Haldenby,Married,"02 Ridge Oak Court",Augusta,Georgia,South,0
33,ariedigerjx@auda.org.au,"254-255-8722",Design Engineer,2016-06-26,1,Arnold Riediger,Married,"68 Dottie Street",Killeen,Texas,South,0
61,agrellis4i@goo.gl,"601-835-6839",General Manager,2017-08-24,1,Arnoldo Grellis,Married,"31 American Ash Park",Jackson,Mississippi,South,0
43,aetuck8q@wsj.com,"205-766-6635",Recruiter,2018-12-01,1,Arnuad Etuck,Single,"936 Packers Center",Tuscaloosa,Alabama,South,0
52,acavaney2c@telegraph.co.uk,"904-795-9244",Computer Systems Analyst I,2018-05-03,1,Aron Cavaney,Single,"035 Northfield Point",Saint Augustine,Florida,South,0
40,apieracci3g@wired.com,"410-469-0460",Editor,2013-09-12,1,Artair Pieracci,Married,"3 Red Cloud Street",Baltimore,Maryland,South,0
52,aromiqs@macromedia.com,"919-878-6479",Junior Executive,2017-10-22,1,Artair Romi,Separated,"28501 Colorado Point",Raleigh,North Carolina,South,0
32,ahayterhe@loc.gov,"202-312-0125",Media Manager IV,2012-11-14,1,Artemis Hayter,Married,"82 Becker Plaza",Washington,District of Columbia,South,0
51,ariches40@artisteer.com,"678-915-5807",Physical Therapy Assistant,2019-09-22,1,Artemus Riches,Married,"8 Valley Edge Lane",Decatur,Georgia,South,0
56,ahotchkinj3@elegantthemes.com,"323-998-3524",Speech Pathologist,2017-02-25,1,Artus Hotchkin,Single,"7 Hudson Parkway",Los Angeles,California,West,0
52,apendrighr7@dmoz.org,"623-734-9411",Help Desk Technician,2015-12-23,1,Ase Pendrigh,Separated,"04373 Monterey Parkway",Phoenix,Arizona,West,0
43,atoupelb@edublogs.org,"225-405-8909",Senior Developer,2022-04-24,1,Ashlie Toupe,Married,"63837 Spaight Road",Baton Rouge,Louisiana,South,0
31,aleesbl@hc360.com,"801-707-4073",,2021-02-18,1,Atlante Lees,Divorced,"007 John Wall Crossing",Provo,Utah,West,0
55,amaccranna7@paginegialle.it,"239-334-5749",Web Designer IV,2013-05-29,1,Auberon Maccrann,Single,"78707 Thierer Circle",Fort Myers,Florida,South,0
42,ahinrichs9g@buzzfeed.com,"615-683-4831",Systems Administrator III,2013-02-17,1,Aubert Hinrichs,Married,"588 School Trail",Nashville,Tennessee,South,0
64,abloodworthejb@dailymail.co.uk,"251-317-5351",Administrative Assistant III,2019-12-14,1,Augustina Bloodworthe,Married,"026 Havey Crossing",Mobile,Alabama,South,0
44,ashakesby4y@walmart.com,"478-106-1797",Social Worker,2016-01-28,1,Augy Shakesby,Single,"59264 Graceland Avenue",Macon,Georgia,South,0
277,avillarm8@privacy.gov.au,"571-942-0462",Senior Sales Associate,2012-06-28,1,Aundrea Villar,Married,"58201 Utah Terrace",Arlington,Virginia,South,1
29,aleslye3@sina.com.cn,"772-480-2402",Information Systems Manager,2012-01-05,1,Aurel Lesly,Married,"77 Steensland Crossing",Vero Beach,Florida,South,0
36,alintottb6@sourceforge.net,"918-468-0659",Staff Scientist,2014-07-28,1,Aurelie Lintott,Divorced,"8207 Kropf Street",Tulsa,Oklahoma,South,0
53,amosleyjy@marriott.com,"704-332-6411",Social Worker,2018-12-18,1,Aurore Mosley,Married,"3480 Melrose Center",Charlotte,North Carolina,South,0
52,aphilipsohnno@ning.com,"806-878-1457",Marketing Assistant,2012-12-27,1,Aurore Philipsohn,Single,"86854 Fairview Street",Amarillo,Texas,South,0
26,apollastronehl@digg.com,"702-792-2414",Biostatistician III,2014-02-12,1,Averil Pollastrone,Married,"877 Chive Circle",Las Vegas,Nevada,West,0
33,alaybornkx@cpanel.net,"806-657-2107",Associate Professor,2022-03-28,1,Averill Layborn,Married,"1643 Main Avenue",Lubbock,Texas,South,0
41,awythillca@nationalgeographic.com,"602-484-6884",Clinical Specialist,2012-04-15,1,Averyl Wythill,Married,"349 Eliot Alley",Phoenix,Arizona,West,0
36,amingotti7a@admin.ch,"317-859-0286",Tax Accountant,2016-08-24,1,Ax Mingotti,Married,"3 Katie Avenue",Indianapolis,Indiana,Midwest,0
44,ayackiminie2l@hao123.com,"315-357-7732",Junior Executive,2017-04-25,1,Ayn Yackiminie,Married,"4815 Anthes Terrace",Syracuse,New York,Northeast,0
46,bdundendaleo3@dyndns.org,"915-885-7244",Teacher,2017-01-23,1,Babara Dundendale,Married,"0207 Calypso Court",El Paso,Texas,South,0
25,bjeacocko7@xinhuanet.com,"925-140-6288",Environmental Specialist,2019-11-28,1,Babbette Jeacock,Divorced,"9 Sherman Avenue",Concord,California,West,0
36,bantoni81@stanford.edu,"601-717-3230",Senior Sales Associate,2019-09-16,1,Babs Antoni,Married,"840 Doe Crossing Court",Jackson,Mississippi,South,0
31,bandryuninix@ted.com,"810-103-0364",Senior Quality Engineer,2016-07-23,1,Bailey Andryunin,Single,"48 Service Street",Flint,Michigan,Midwest,0
58,bgainsboroughlf@mayoclinic.com,"972-345-5396",Senior Cost Accountant,2016-06-14,1,Bailey Gainsborough,Divorced,"53346 Mesta Plaza",Denton,Texas,South,0
39,bhaquinq@google.ca,"727-662-9908",Legal Assistant,2020-01-11,1,Bailey Haquin,Married,"519 Shasta Drive",San Juan,Puerto Rico,Other/International,0
37,bbahls53@studiopress.com,"717-127-7623",Social Worker,2019-08-10,1,Balduin Bahls,Single,"267 Gina Court",Harrisburg,Pennsylvania,Northeast,0
42,bsparkes60@elegantthemes.com,"614-418-4605",VP Accounting,2019-09-22,1,Bale Sparkes,Divorced,"83488 Clyde Gallagher Drive",Columbus,Ohio,Midwest,0
48,bbaszkiewiczfs@multiply.com,"520-101-0674",Compensation Analyst,2019-01-25,1,Ban Baszkiewicz,Married,"21 Petterle Center",Tucson,Arizona,West,0
45,bmcclaughlinje@icq.com,"808-997-4734",Research Assistant III,2017-12-17,1,Barbi Mcclaughlin,Separated,"49533 Village Hill",Honolulu,Hawaii,West,0
27,bpocockeky@mashable.com,"414-259-7000",Geological Engineer,2016-06-30,1,Barnabas Pococke,Married,"5 Jana Alley",Milwaukee,Wisconsin,Midwest,0
67,bconradaf@npr.org,"312-773-9711",Recruiting Manager,2021-01-29,1,Barrie Conrad,Single,"3 Gina Plaza",Chicago,Illinois,Midwest,0
64,bhaddintonku@youtu.be,"504-702-3826",Civil Engineer,2021-08-15,1,Bartolomeo Haddinton,Single,"72473 Gateway Parkway",New Orleans,Louisiana,South,0
18,blongdonbj@hatena.ne.jp,"513-479-7836",Business Systems Development Analyst,2015-05-10,1,Barton Longdon,Married,"684 Golden Leaf Plaza",Cincinnati,Ohio,Midwest,0
51,byousefdo@youku.com,"717-425-1452",Compensation Analyst,2019-12-20,1,Barty Yousef,Married,"80836 Becker Lane",Harrisburg,Pennsylvania,Northeast,0
36,bdearloven4@shop-pro.jp,"202-135-7887",Help Desk Operator,2020-11-20,1,Basia Dearlove,Married,"559 Fallview Circle",Washington,District of Columbia,South,0
25,bfilippucciqb@npr.org,"713-822-7671",Sales Associate,2019-05-30,1,Bastien Filippucci,Separated,"66876 Dayton Plaza",Houston,Texas,South,0
42,bduckitb2@hud.gov,"419-687-7342",Staff Scientist,2019-11-05,1,Batsheva Duckit,Married,"75 Jackson Trail",Toledo,Ohio,Midwest,0
38,bduddin2m@hc360.com,"251-520-3606",Compensation Analyst,2021-10-02,1,Becka Duddin,Married,"669 Manufacturers Lane",Mobile,Alabama,South,0
37,bkohlerq4@hp.com,"716-933-7662",Web Designer II,2016-02-11,1,Becka Kohler,Single,"943 Becker Lane",Buffalo,New York,Northeast,0
40,banteckioe@dmoz.org,"703-537-4509",Computer Systems Analyst II,2019-07-12,1,Bellanca Antecki,Married,"210 Sachtjen Place",Alexandria,Virginia,South,0
18,bcayserjp@yahoo.co.jp,"520-472-4742",Structural Engineer,2020-01-29,1,Belva Cayser,Married,"4627 Delladonna Pass",Phoenix,Arizona,West,0
33,bjossummz@flavors.me,"813-951-7119",Software Test Engineer IV,2015-06-05,1,Ben Jossum,Single,"352 Sycamore Alley",Tampa,Florida,South,0
51,bwrintmorefy@naver.com,"361-400-7437",Accounting Assistant IV,2016-05-02,1,Ben Wrintmore,Single,"1 Meadow Ridge Circle",Corpus Christi,Texas,South,0
31,bboame6a@blogtalkradio.com,"716-216-2755",Cost Accountant,2021-09-10,1,Bendick Boame,Married,"306 Becker Park",Buffalo,New York,Northeast,0
26,bwoodernx@t.co,"417-777-1236",Office Assistant III,2015-09-22,1,Bendix Wooder,Separated,"13 Stang Street",Springfield,Missouri,Midwest,0
33,bisetonff@reddit.com,"318-301-6902",Software Consultant,2018-01-13,1,Benedict Iseton,Married,"668 Carey Center",Alexandria,Louisiana,South,0
55,bcadamyqh@imdb.com,"478-469-8421",Office Assistant I,2017-03-02,1,Bengt Cadamy,Married,"147 Mcguire Crossing",Macon,Georgia,South,0
36,bcasali7i@china.com.cn,"203-729-8147",,2018-03-07,1,Benny Casali,Married,"45459 Schlimgen Road",New Haven,Connecticut,Northeast,0
52,bcaswill7x@github.com,"832-396-5928",Geological Engineer,2020-07-10,1,Bent Caswill,Married,"04 Vahlen Lane",Houston,Texas,South,0
60,bthomersonm1@columbia.edu,"917-104-4697",Editor,2015-07-20,1,Bentley Thomerson,Married,"23 Bultman Crossing",Brooklyn,New York,Northeast,0
58,brizone6@examiner.com,"202-767-8806",Actuary,2017-05-02,1,Berget Rizon,Married,"47199 Little Fleur Parkway",Washington,District of Columbia,South,0
29,bjeannotgb@purevolume.com,"253-663-7776",Librarian,2020-04-26,1,Bern Jeannot,Married,"5 Sachtjen Point",Tacoma,Washington,West,0
53,bleyrepf@sphinn.com,"574-344-7663",Safety Technician I,2016-08-14,1,Bernadina Leyre,Married,"1 Sunfield Drive",South Bend,Indiana,Midwest,0
66,blarventgs@ameblo.jp,"772-228-0535",Software Engineer I,2020-07-01,1,Bernete Larvent,Married,"9 Claremont Crossing",Port Saint Lucie,Florida,South,0
50,barnauduc93@infoseek.co.jp,"404-941-8782",VP Accounting,2015-10-24,1,Bernette Arnauduc,Divorced,"4 Independence Lane",Gainesville,Georgia,South,0
68,brabbage9j@salon.com,"405-157-9408",Database Administrator III,2018-01-12,1,Bertie Rabbage,Married,"86945 Drewry Alley",Oklahoma City,Oklahoma,South,0
67,ballinghamcf@discuz.net,"612-156-4595",Recruiting Manager,2018-09-11,1,Berty Allingham,Single,"6 Melrose Plaza",Minneapolis,Minnesota,Midwest,0
49,bdomonimt@flickr.com,"918-775-2609",Operator,2019-04-26,1,Bessie Domoni,Married,"8356 Victoria Junction",Tulsa,Oklahoma,South,0
54,bantonuccima@posterous.com,"808-712-8673",Financial Advisor,2018-11-18,1,Bethany Antonucci,Married,"396 Stang Road",Honolulu,Hawaii,West,0
19,bgutans9u@google.com.br,"503-435-8580",Software Engineer II,2016-08-11,1,Bethany Gutans,Single,"238 Southridge Crossing",Beaverton,Oregon,West,0
55,bcapstick9s@guardian.co.uk,"281-968-7079",Editor,2020-07-08,1,Bette-ann Capstick,Married,"85944 Northport Lane",Houston,Texas,South,0
27,bbettingtonqo@printfriendly.com,"858-220-9522",Web Developer I,2021-11-03,1,Betteanne Bettington,Single,"6 Hazelcrest Park",Orange,California,West,0
28,bjohannesh0@blogger.com,"202-812-8544",Compensation Analyst,2016-01-16,1,Betti Johannes,Married,"19 Veith Hill",Washington,District of Columbia,South,0
47,bmurtellpe@bloglovin.com,"215-745-8486",Assistant Media Planner,2015-05-02,1,Betti Murtell,Married,"9 Hoepker Road",Philadelphia,Pennsylvania,Northeast,0
50,bgotlingf0@shutterfly.com,"850-233-5849",Structural Engineer,2016-01-21,1,Betty Gotling,Divorced,"2227 Welch Avenue",Pensacola,Florida,South,0
44,bimpy26@booking.com,"480-777-0470",Structural Analysis Engineer,2015-11-16,1,Bettye Impy,Divorced,"0 Sunbrook Plaza",Scottsdale,Arizona,West,0
22,bfulk1w@bizjournals.com,"312-259-3439",General Manager,2015-03-02,1,Beverlee Fulk,Separated,"0960 Lakewood Drive",Chicago,Illinois,Midwest,0
54,bclevergg@ustream.tv,"305-855-6079",Junior Executive,2018-06-23,1,Beverlie Clever,Single,"690 Grayhawk Avenue",Miami,Florida,South,0
54,bpettik2@jimdo.com,"816-428-4958",Professor,2015-12-23,1,Bevin Petti,Married,"50 Buhler Avenue",Kansas City,Missouri,Midwest,0
35,bbartoshevich5s@free.fr,"757-472-8018",Teacher,2015-01-12,1,Bevon Bartoshevich,Divorced,"3051 Banding Point",Norfolk,Virginia,South,0
52,bducroefz@answers.com,"972-974-4743",Actuary,2015-08-08,1,Biddy Ducroe,Married,"2376 Upham Plaza",Irving,Texas,South,0
53,bheinekenf3@va.gov,"602-459-1909",Programmer II,2018-08-05,1,Billye Heineken,Married,"11503 Forster Lane",Phoenix,Arizona,West,0
53,bkimmn0@howstuffworks.com,"512-531-6603",Software Engineer II,2021-03-30,1,Billye Kimm,Single,"43334 Namekagon Trail",Austin,Texas,South,0
36,bcarvilla7s@php.net,"205-160-6117",Librarian,2018-12-05,1,Birdie Carvilla,Married,"29 Grover Avenue",Birmingham,Alabama,South,0
49,bcoldwellod@wikispaces.com,"801-720-1213",Accounting Assistant III,2016-01-15,1,Birdie Coldwell,Separated,"0 Marquette Junction",Salt Lake City,Utah,West,0
40,bbread6r@twitter.com,"405-555-6160",Cost Accountant,2018-10-19,1,Blinnie Bread,Separated,"532 American Drive",Edmond,Oklahoma,South,0
27,btattersill7r@tmall.com,"503-762-5427",Marketing Assistant,1915-01-31,1,Blinny Tattersill,Divorced,"6699 Di Loreto Avenue",Portland,Oregon,West,1
66,briccardofn@about.com,"43-892-2116",Financial Advisor,2020-09-08,1,Blondie Riccardo,Married,"19 Mayer Drive",Chattanooga,Tennessee,South,0
64,beathornebi@uiuc.edu,"570-816-9836",Administrative Assistant III,2016-03-26,1,Blythe Eathorne,Married,"10 Larry Street",Wilkes Barre,Pennsylvania,Northeast,0
27,bgrieswood1n@bing.com,"405-769-8483",Web Designer III,2013-01-07,1,Bo Grieswood,Married,"244 Erie Court",Oklahoma City,Oklahoma,South,0
54,bcaneroh3@a8.net,"989-323-0905",Programmer III,2014-04-08,1,Bobbie Canero,Divorced,"9 Clove Parkway",Saginaw,Michigan,Midwest,0
35,bjollyaa@earthlink.net,"915-353-8495",Software Test Engineer IV,2012-01-18,1,Bobbie Jolly,Single,"31524 Ryan Plaza",El Paso,Texas,South,0
45,bbrewers2a@skype.com,"754-727-5171",Paralegal,2018-01-17,1,Bobbye Brewers,Married,"62 Waxwing Pass",Fort Lauderdale,Florida,South,0
64,bprobat6a@auda.org.au,"205-131-1291",Software Test Engineer IV,2015-05-29,1,Bone Probat,Married,"3 Kropf Circle",Tuscaloosa,Alabama,South,0
26,bitzcovichchrd@abc.net.au,"909-676-8385",Account Executive,2016-05-28,1,Bonnie Itzcovichch,Single,"7 Columbus Avenue",Pomona,California,West,0
60,bmatuskiewiczoz@businessweek.com,"309-208-0080",Statistician III,2017-08-13,1,Borden Matuskiewicz,Single,"0285 Stone Corner Alley",Carol Stream,Illinois,Midwest,0
47,bcliss90@youtu.be,"914-214-8549",Health Coach III,2015-01-17,1,Borg Cliss,Single,"0 Ramsey Place",Mount Vernon,New York,Northeast,0
37,bgodding4u@fc2.com,"510-436-9830",Tax Accountant,2017-08-30,1,Borg Godding,Divorced,"65970 Nobel Street",Oakland,California,West,0
55,bvellden85@cornell.edu,"941-500-2543",,2019-03-14,1,Boris Vellden,Separated,"6 Farragut Circle",Sarasota,Florida,South,0
46,bthomton9w@unblog.fr,"267-967-8454",Geological Engineer,2019-03-11,1,Boyce Thomton,Married,"46 Monica Street",Philadelphia,Pennsylvania,Northeast,0
31,bbartleyoc@samsung.com,"713-513-0675",Administrative Officer,2016-10-19,1,Bradley Bartley,Married,"4 Nelson Crossing",Houston,Texas,South,0
49,bpimley40@salon.com,"757-403-5240",Paralegal,2014-03-26,1,Brande Pimley,Married,"62 Derek Place",Virginia Beach,Virginia,South,0
45,bstoltegk@pbs.org,"203-796-7922",Operator,2015-09-26,1,Brant Stolte,Single,"6747 Mitchell Parkway",Fairfield,Connecticut,Northeast,0
33,bcharplingph@rakuten.co.jp,"520-278-4587",Teacher,2021-09-18,1,Breena Charpling,Married,"096 Coolidge Park",Tucson,Arizona,West,0
51,bdoigeat@alibaba.com,"267-365-6723",Research Nurse,2012-02-24,1,Bren Doige,Married,"19 Armistice Avenue",Philadelphia,Pennsylvania,Northeast,0
42,blauxmann1k@bigcartel.com,"217-138-3624",VP Product Management,2018-06-10,1,Bren Lauxmann,Married,"784 Division Point",Springfield,Illinois,Midwest,0
32,btukely4f@omniture.com,"402-903-0021",Staff Accountant I,2019-03-03,1,Bren Tukely,Single,"58 Golf View Avenue",Omaha,Nebraska,Midwest,0
22,bbaudetrj@wunderground.com,"952-628-2939",Media Manager III,2019-09-16,1,Brendis Baudet,Married,"53 Monterey Circle",Young America,Minnesota,Midwest,0
33,bwharf10@elpais.com,"612-530-7599",Social Worker,2018-11-21,1,Brenna Wharf,Separated,"63 Springs Drive",Minneapolis,Minnesota,Midwest,0
51,bcollins6w@google.co.uk,"212-195-9001",Product Engineer,2022-02-21,1,Briana Collins,Separated,"63 5th Road",Brooklyn,New York,Northeast,0
23,baldcorne5u@rediff.com,"661-716-8378",Data Coordiator,2018-09-21,1,Brice Aldcorne,Single,"2 Hauk Drive",Bakersfield,California,West,0
40,bpaoloniaw@scientificamerican.com,"404-200-2117",Assistant Professor,2015-05-12,1,Brice Paoloni,Married,"315 Mendota Terrace",Atlanta,Georgia,South,0
42,bgwionethnl@e-recht24.de,"360-832-7546",Help Desk Technician,2016-01-29,1,Brier Gwioneth,Married,"058 Shopko Circle",Vancouver,Washington,West,0
52,bmachonqw@usnews.com,"305-440-6553",Environmental Specialist,2014-05-30,1,Brigg Machon,Single,"9 Porter Junction",Miami,Florida,South,0
21,bcapelen15@phoca.cz,"713-732-8316",Tax Accountant,2018-12-16,1,Briggs Capelen,Married,"551 Orin Trail",Houston,Texas,South,0
49,bvasyukovav@nytimes.com,"213-166-6196",Tax Accountant,2013-09-11,1,Brigit Vasyukov,Single,"57346 Dayton Junction",Van Nuys,California,West,0
56,blakendenbl@ihg.com,"808-149-5729",Data Coordiator,2019-05-20,1,Brit Lakenden,Married,"13438 Burrows Lane",Honolulu,Hawaii,West,0
38,bherrievenqv@ask.com,"713-204-6332",Dental Hygienist,1915-07-05,1,Britney Herrieven,Married,"68027 Clyde Gallagher Hill",Houston,Texas,South,1
28,bfurmagerm@wikispaces.com,"904-535-8575",Project Manager,2019-05-22,1,Britt Furmage,Married,"94514 Anthes Circle",Jacksonville,Florida,South,0
30,bkempcv@msu.edu,"605-825-7347",Account Representative I,2016-07-13,1,Brittaney Kemp,Divorced,"800 Reindahl Avenue",Sioux Falls,South Dakota,Midwest,0
40,bburgottfn@hexun.com,"585-183-1898",Junior Executive,2015-02-26,1,Brittani Burgott,Married,"77449 Graedel Avenue",Rochester,New York,Northeast,0
55,bwegman6c@mlb.com,"860-874-2758",Help Desk Technician,2020-08-16,1,Brittne Wegman,Single,"774 Becker Trail",Hartford,Connecticut,Northeast,0
35,beyckeljx@fotki.com,"614-196-4455",Cost Accountant,2020-04-04,1,Brodie Eyckel,Separated,"922 Spenser Point",Columbus,Ohio,Midwest,0
29,byokelman5c@ning.com,"312-112-6039",Marketing Manager,2016-09-02,1,Brodie Yokelman,Single,"99415 Summit Pass",Chicago,Illinois,Midwest,0
33,bcoggone4@cnn.com,"785-884-0024",Engineer III,2020-08-29,1,Brok Coggon,Single,"57241 Transport Parkway",Topeka,Kansas,Midwest,0
34,brangell1v@answers.com,"785-656-5508",Engineer I,2016-02-05,1,Brok Rangell,Married,"389 Delaware Way",Topeka,Kansas,Midwest,0
25,bscrace4g@chron.com,"360-492-5657",VP Marketing,2016-02-01,1,Brok Scrace,Single,"023 Roth Terrace",Seattle,Washington,West,0
25,bgoodburc0@indiegogo.com,"214-282-3416",Internal Auditor,2014-02-26,1,Brynn Goodbur,Single,"1701 Homewood Alley",Garland,Texas,South,0
54,bvanct@booking.com,"814-875-6755",Human Resources Assistant III,2016-07-30,1,Brynn Van Niekerk,Married,"84227 Toban Park",Erie,Pennsylvania,Northeast,0
41,bastillic@pen.io,"801-715-6013",Financial Analyst,2019-02-02,1,Bryon Astill,Single,"0 Lillian Terrace",Salt Lake City,Utah,West,0
30,bcheckettsm5@e-recht24.de,"727-373-3559",Assistant Manager,2019-02-08,1,Bucky Checketts,Married,"6 Ruskin Lane",Saint Petersburg,Florida,South,0
60,bsentanceko@google.nl,"432-922-2409",Civil Engineer,2021-09-14,1,Buddie Sentance,Divorced,"1 Waywood Crossing",Odessa,Texas,South,0
53,byeabsley1r@google.co.jp,"916-470-8164",Research Assistant II,2016-06-11,1,Buiron Yeabsley,Single,"32 Morning Park",Sacramento,California,West,0
34,boshirineg1@infoseek.co.jp,"202-418-8037",Data Coordiator,2019-08-19,1,Bunni O'shirine,Married,"3 Old Gate Circle",Washington,District of Columbia,South,0
47,bgiovannonifw@free.fr,"202-711-2735",Senior Quality Engineer,2012-04-04,1,Burk Giovannoni,Single,"9 Monterey Avenue",Washington,District of Columbia,South,0
54,byezafovich9p@rambler.ru,"360-783-9236",Financial Analyst,2019-08-16,1,Burk Yezafovich,Married,"88572 Scott Plaza",Vancouver,Washington,West,0
41,bwillowayj6@sogou.com,"949-801-6015",Account Coordinator,2020-11-07,1,Burke Willoway,Single,"31075 Rieder Hill",Huntington Beach,California,West,0
32,bszepeed@msn.com,"303-488-8015",Research Associate,2015-11-06,1,Burt Szepe,Single,"8 Sunbrook Terrace",Denver,Colorado,West,0
19,bbaylej1@lycos.com,"614-162-9717",VP Product Management,2016-11-04,1,Byran Bayle,Married,"7563 Almo Pass",Columbus,Ohio,Midwest,0
63,bibbettop@va.gov,"202-804-0965",Senior Sales Associate,2015-02-06,1,Byran Ibbett,Single,"54810 Forest Dale Crossing",Washington,District of Columbia,South,0
46,bsawero1@tumblr.com,"650-797-7559",Cost Accountant,2016-10-31,1,Byrom Sawer,Single,"52507 Mcbride Hill",San Jose,California,West,0
31,blyptratt4i@angelfire.com,"813-560-1658",Quality Control Specialist,2020-10-10,1,Byron Lyptratt,Separated,"468 Division Place",Tampa,Florida,South,0
40,calessandrucci3a@altervista.org,"785-911-1590",Director of Sales,2014-12-14,1,Caesar Alessandrucci,Married,"32850 Waubesa Pass",Topeka,Kansas,Midwest,0
28,cgerardetdw@uol.com.br,"309-329-6029",Recruiter,2016-06-20,1,Caleb Gerardet,Married,"54187 Hansons Terrace",Carol Stream,Illinois,Midwest,0
19,ccorradiniox@microsoft.com,"941-391-8386",Staff Scientist,2021-04-29,1,Callean Corradini,,"97 Dapin Avenue",Sarasota,Florida,South,0
29,chowarth2o@hatena.ne.jp,"601-129-6213",Biostatistician III,2021-09-05,1,Calv Howarth,Separated,"2361 Reindahl Terrace",Jackson,Mississippi,South,0
26,cvowlesi8@earthlink.net,"225-838-1177",Office Assistant I,2018-03-27,1,Candida Vowles,Single,"4 Hoepker Lane",Baton Rouge,Louisiana,South,0
35,cdrayson85@php.net,"505-635-4231",Speech Pathologist,2018-04-11,1,Cara Drayson,Married,"294 Briar Crest Alley",Albuquerque,New Mexico,West,0
41,csperwellj7@telegraph.co.uk,"501-600-1388",Office Assistant III,2012-06-27,1,Caresse Sperwell,Single,"004 Anzinger Way",Little Rock,Arkansas,South,0
66,cspradegw@jugem.jp,"312-485-8692",Senior Sales Associate,2020-05-25,1,Carlene Sprade,Separated,"233 Nelson Point",Chicago,Illinois,Midwest,0
38,cabrianipd@shutterfly.com,"804-421-2246",Office Assistant III,2022-04-22,1,Carlie Abriani,Separated,"7 Roth Way",Richmond,Virginia,South,0
65,cwinwardmx@mit.edu,"682-190-0341",,2019-11-23,1,Carlina Winward,Married,"4826 Ruskin Hill",Fort Worth,Texas,South,0
44,cbealingfk@dailymotion.com,"209-883-1510",Chemical Engineer,2019-07-28,1,Carline Bealing,Married,"6 Upham Alley",Stockton,California,West,0
54,cindgepk@bing.com,"281-953-0233",Social Worker,2022-06-16,1,Carling Indge,Married,"7 Coolidge Avenue",Houston,Texas,South,0
41,cmachinj0@xinhuanet.com,"215-833-2589",Programmer I,1912-01-08,1,Carlos Machin,Separated,"91 Anzinger Alley",Philadelphia,Pennsylvania,Northeast,1
555,cgraeber6n@quantcast.com,"214-345-1363",Actuary,2021-03-10,1,Carlye Graeber,Married,"8 Dexter Junction",Dallas,Texas,South,1
25,crichingsib@ning.com,"254-398-5551",Human Resources Assistant II,2021-08-12,1,Carmelina Richings,Married,"7 Pennsylvania Center",Waco,Texas,South,0
36,ccofaxor@yolasite.com,"314-347-2094",Junior Executive,2015-11-22,1,Carmine Cofax,Separated,"4 Surrey Way",Saint Louis,Missouri,Midwest,0
25,cpetraccih8@ucoz.ru,"808-725-0869",Mechanical Systems Engineer,2019-09-10,1,Carolee Petracci,Married,"4073 Clove Place",Honolulu,Hawaii,West,0
34,cglyssanne28@cdc.gov,"720-601-7914",Safety Technician III,2019-12-08,1,Carolina Glyssanne,Single,"60247 Scoville Lane",Arvada,Colorado,West,0
40,cfarronal@virginia.edu,"763-788-7123",Account Coordinator,2016-07-10,1,Carolynn Farron,Married,"72 Granby Alley",Maple Plain,Minnesota,Midwest,0
34,corteuns@theatlantic.com,"305-558-4547",Paralegal,2013-04-08,1,Cart Orteu,Single,"50329 Hovde Way",Hialeah,Florida,South,0
30,ctrippettgq@nydailynews.com,"205-712-1949",Research Assistant I,2015-03-21,1,Caryl Trippett,Divorced,"0544 Glendale Parkway",Birmingham,Alabama,South,0
36,clanstoniz@ucsd.edu,"937-267-8131",Quality Engineer,2019-07-10,1,Casandra Lanston,Single,"7 Florence Road",Dayton,Ohio,Midwest,0
51,cgrimmerd3@irs.gov,"806-161-1133",Account Coordinator,2016-11-07,1,Cassandry Grimmer,Divorced,"6 Kennedy Crossing",Lubbock,Texas,South,0
61,cbuseni4@statcounter.com,"202-813-6459",Staff Accountant II,2022-03-19,1,Cassey Busen,Married,"27 Rowland Way",Silver Spring,Maryland,South,0
47,cmoxtedh5@upenn.edu,"505-959-6596",VP Quality Control,2019-11-07,1,Cassey Moxted,Married,"45673 Schlimgen Pass",Santa Fe,New Mexico,West,0
50,cbranscombga@youtu.be,"904-168-6903",Paralegal,2019-06-29,1,Cati Branscomb,Divorced,"34 Caliangt Junction",Jacksonville,Florida,South,0
68,ccripsdu@squarespace.com,"510-880-7796",VP Marketing,2018-10-19,1,Caye Crips,Single,"2 Heath Trail",Oakland,California,West,0
58,cgirardine@issuu.com,"832-223-0614",Desktop Support Technician,2021-08-06,1,Caz Girardin,Married,"4505 Randy Pass",Houston,Texas,South,0
27,cnisiusd2@hao123.com,"831-442-2440",Internal Auditor,2015-06-27,1,Cazzie Nisius,Married,"9 Autumn Leaf Junction",Santa Cruz,California,West,0
43,cockwell41@vk.com,"415-340-9947",Mechanical Systems Engineer,2020-06-15,1,Cazzie Ockwell,Divorced,"830 Westend Circle",San Rafael,California,West,0
46,cbilliardds@topsy.com,"859-712-2333",Human Resources Assistant II,2015-09-24,1,Ceciley Billiard,Divorced,"4724 Petterle Plaza",Lexington,Kentucky,South,0
46,cgrosvenerhs@g.co,"213-971-4182",Internal Auditor,2013-10-25,1,Cedric Grosvener,Single,"33 Vermont Junction",Los Angeles,California,West,0
56,cfarington7p@dyndns.org,"304-469-8475",Internal Auditor,2019-10-08,1,Celene Farington,Married,"90670 Goodland Hill",Charleston,West Virginia,South,0
26,cheugleq5@desdev.cn,"916-329-6540",Administrative Officer,2021-02-09,1,Celia Heugle,Married,"01679 Norway Maple Terrace",Sacramento,California,West,0
53,chardesfo@army.mil,"760-170-8812",Senior Developer,2012-07-17,1,Cesaro Hardes,Married,"42091 Rutledge Point",San Bernardino,California,West,0
51,ccharlotte1z@hp.com,"209-368-2378",Engineer IV,2015-06-06,1,Chad Charlotte,Married,"251 Norway Maple Alley",Stockton,California,West,0
53,cgapp6x@timesonline.co.uk,"213-622-8061",Executive Secretary,2020-02-16,1,Chad Gapp,Married,"29 Eggendart Way",Van Nuys,California,West,0
32,cpainswick65@ocn.ne.jp,"608-267-8726",Programmer I,2019-01-06,1,Chadwick Painswick,Married,"90 Melvin Parkway",Madison,Wisconsin,Midwest,0
51,cduttonme@umn.edu,"404-365-3520",Geologist III,2021-11-16,1,Charin Dutton,Separated,"05305 Utah Terrace",Atlanta,Georgia,South,0
30,cpoagnj@harvard.edu,"304-811-4435",Office Assistant IV,2019-07-11,1,Charline Poag,Married,"47 Warbler Trail",Huntington,West Virginia,South,0
31,cocannovane27@is.gd,"862-890-7062",Business Systems Development Analyst,2014-08-13,1,Charlot O'cannovane,Divorced,"72118 7th Circle",Newark,New Jersey,Northeast,0
63,csalamanj5@wired.com,"303-182-1896",Tax Accountant,2016-07-31,1,Charmian Salaman,Married,"37 Derek Alley",Aurora,Colorado,West,0
60,csutherel2x@storify.com,"269-949-9382",Computer Systems Analyst II,2020-03-06,1,Chelsy Sutherel,Divorced,"59080 Clemons Junction",Battle Creek,Michigan,Midwest,0
20,ccrocumbeoe@symantec.com,"304-248-2768",Business Systems Development Analyst,2017-03-27,1,Chere Crocumbe,Divorced,"9176 Schlimgen Place",Huntington,West Virginia,South,0
23,ctoovey2p@usa.gov,"267-952-9998",Data Coordiator,2017-10-08,1,Cherianne Toovey,Married,"72713 Dixon Junction",Philadelphia,Pennsylvania,Northeast,0
599,ckristoffersson59@sun.com,"806-779-9348",Director of Sales,2021-08-02,1,Cherise Kristoffersson,Divorced,"72793 Northridge Park",Lubbock,Texas,South,1
39,cbothramj5@reference.com,"520-752-6401",Recruiting Manager,2017-07-13,1,Chery Bothram,Married,"2580 American Ash Parkway",Tucson,Arizona,West,0
49,clyneslz@samsung.com,"772-556-1857",Administrative Officer,2012-07-01,1,Cheslie Lynes,Married,"9 Atwood Pass",Vero Beach,Florida,South,0
25,cmustardeg@domainmarket.com,"813-283-8922",Research Associate,2018-07-31,1,Chester Mustard,Single,"14101 Toban Junction",Tampa,Florida,South,0
68,clarner12@netvibes.com,"978-696-5136",Project Manager,2021-02-13,1,Chev Larner,Married,"8 Nova Pass",Waltham,Massachusetts,Northeast,0
44,cswindellsn9@examiner.com,"505-154-1912",,2015-03-29,1,Chev Swindells,Married,"20365 Mockingbird Hill",Albuquerque,New Mexico,West,0
52,cverissimodu@paginegialle.it,"602-915-9349",Automation Specialist III,2021-11-20,1,Chico Verissimo,Divorced,"42 Debs Junction",Glendale,Arizona,West,0
53,cchislettqb@reddit.com,"213-852-5744",VP Quality Control,2013-05-16,1,Chip Chislett,Married,"85055 Clarendon Drive",Los Angeles,California,West,0
50,cphillip9g@go.com,"480-582-1986",Marketing Assistant,2015-12-08,1,Christean Phillip,Single,"7 Rieder Plaza",Scottsdale,Arizona,West,0
63,ckuller3c@arizona.edu,"714-124-0512",Chief Design Engineer,2016-12-18,1,Christiana Kuller,Single,"75 Dunning Terrace",Orange,California,West,0
24,cfullegar21@tamu.edu,"941-787-4131",Clinical Specialist,2019-12-04,1,Christina Fullegar,Married,"3 Chive Terrace",Naples,Florida,South,0
27,cmcallda@netlog.com,"907-964-7686",Director of Sales,2020-09-11,1,Christoffer Mcall,Divorced,"10 Butternut Road",Anchorage,Alaska,West,0
34,cmoukesc3@etsy.com,"203-346-3360",Technical Writer,2019-01-23,1,Christoph Moukes,Divorced,"4 Cottonwood Crossing",Fairfield,Connecticut,Northeast,0
28,cpinderc2@sciencedirect.com,"754-218-3087",Structural Analysis Engineer,2014-01-25,1,Chrystal Pinder,Divorced,"87 Pennsylvania Crossing",Fort Lauderdale,Florida,South,0
46,cwalkington35@storify.com,"440-211-7067",Chief Design Engineer,2018-07-16,1,Chrystal Walkington,Divorced,"3489 Tennessee Parkway",Cleveland,Ohio,Midwest,0
42,cdurtnalpl@youtube.com,"303-941-8892",Librarian,2020-01-12,1,Cindee Durtnal,Single,"10722 Porter Drive",Denver,Colorado,West,0
21,cgabbf5@photobucket.com,"323-503-9977",Payment Adjustment Coordinator,2016-10-15,1,Cindelyn Gabb,Married,"9 Summit Drive",North Hollywood,California,West,0
30,ccoleiro3h@buzzfeed.com,"949-688-7325",Nurse,2018-07-28,1,Cinderella Coleiro,Divorced,"19756 Thierer Court",Irvine,California,West,0
31,cbartlomiejczykdj@networksolutions.com,,Analog Circuit Design manager,2015-09-02,1,Cirillo Bartlomiejczyk,Divorced,"4426 Rigney Alley",Henderson,Nevada,West,0
40,csodoryhb@imgur.com,"801-986-2901",Assistant Manager,2016-09-17,1,Cissy Sodory,Single,"7661 Clemons Junction",Salt Lake City,Utah,West,0
58,cyoules2y@cbsnews.com,"703-663-6994",Administrative Assistant III,2018-06-05,1,Clair Youles,Married,"2 Di Loreto Alley",Reston,Virginia,South,0
37,cshimmingsae@economist.com,"209-315-3353",Administrative Assistant III,2021-09-07,1,Clarette Shimmings,Married,"8871 Barby Place",Stockton,California,West,0
49,cornillos2s@bbc.co.uk,"903-919-3361",Safety Technician IV,2014-11-29,1,Clarinda De La Cruz,Single,"1437 Muir Terrace",Tyler,Texas,South,0
60,ccardus1n@hao123.com,"801-858-2217",Structural Engineer,2021-09-25,1,Claude Cardus,Married,"5371 Fallview Park",Salt Lake City,Utah,West,0
38,cwratesc1@patch.com,"505-774-5243",VP Quality Control,2019-08-25,1,Claude Wrates,Married,"47584 Butterfield Terrace",Albuquerque,New Mexico,West,0
32,crosario45@simplemachines.org,"916-735-5526",Staff Accountant III,2012-02-14,1,Claudette Rosario,Married,"743 Hovde Lane",Sacramento,California,West,0
51,cnewgrosh2k@trellian.com,"740-817-1767",Developer I,2015-06-06,1,Claudia Newgrosh,Married,"5 Green Center",Columbus,Ohio,Midwest,0
60,cedmundau@harvard.edu,"509-690-7095",Software Engineer II,2021-01-29,1,Claudina Edmund,Married,"18868 Bartillon Junction",Spokane,Washington,West,0
26,ctaltonh2@ucla.edu,"214-491-2856",Account Executive,2022-04-20,1,Claus Talton,Married,"0574 Sachtjen Trail",Dallas,Texas,South,0
49,cprazorh3@upenn.edu,"520-905-8301",Paralegal,2019-08-13,1,Clayborn Prazor,Single,"57872 Bashford Circle",Tucson,Arizona,West,0
23,cpenellirf@apple.com,,Web Developer III,2021-12-24,1,Clayborne Penelli,Single,"01412 Dunning Place",Washington,District of Columbia,South,0
66,ccasino82@patch.com,"772-170-0838",Clinical Specialist,2016-05-15,1,Clayson Casino,Single,"4 Havey Place",West Palm Beach,Florida,South,0
67,cstubbs13@dedecms.com,"561-880-0405",Statistician III,2015-12-17,1,Clayton Stubbs,Married,"40 Jana Alley",West Palm Beach,Florida,South,0
60,ccaruslr@furl.net,"423-239-0298",Mechanical Systems Engineer,2017-09-15,1,Clemente Carus,Single,"5 Homewood Street",Chattanooga,Tennessee,South,0
32,cbovispb@google.co.uk,"812-199-4012",Assistant Manager,2015-08-30,1,Cleo Bovis,Married,"357 Moulton Plaza",Evansville,Indiana,Midwest,0
26,cadaogk@narod.ru,"786-939-0998",Geologist II,2013-03-06,1,Clevey Adao,Divorced,"7 Almo Parkway",Miami,Florida,South,0
64,cpachtaii@reverbnation.com,"860-916-1246",Tax Accountant,2019-07-28,1,Clevey Pachta,Single,"318 Continental Center",Hartford,Connecticut,Northeast,0
28,cattenburrowmh@berkeley.edu,"405-482-9715",Research Associate,2017-02-26,1,Clevie Attenburrow,Single,"885 Morning Court",Oklahoma City,Oklahoma,South,0
49,chamsteadef@g.co,"713-329-1228",Project Manager,2013-03-13,1,Clevie Hamstead,Separated,"0463 Lillian Avenue",Humble,Texas,South,0
21,cpozerb2@dion.ne.jp,"808-298-2036",Assistant Professor,2016-01-31,1,Clint Pozer,Married,"3 Esch Road",Honolulu,Hawaii,West,0
64,ceversonoq@constantcontact.com,"763-559-0089",Administrative Officer,2015-05-24,1,Clio Everson,Single,"3305 Upham Circle",Loretto,Minnesota,Midwest,0
41,csantostefanop@tamu.edu,"551-416-0793",Paralegal,2020-10-13,1,Clovis Santostefano.,Divorced,"07114 Macpherson Trail",Jersey City,New Jersey,Northeast,0
18,cguitonneau8o@netlog.com,"775-282-7983",Software Engineer I,2016-02-16,1,Cob Guitonneau,Married,"400 Morrow Trail",Carson City,Nevada,West,0
68,ccockrilli2@canalblog.com,"202-310-7274",Graphic Designer,2019-02-22,1,Cobb Cockrill,Single,"81 Packers Alley",Washington,District of Columbia,South,0
37,cshirtliffap@wikimedia.org,"202-140-0272",Nuclear Power Engineer,2015-08-01,1,Cobby Shirtliff,Separated,"6868 Holmberg Crossing",Alexandria,Virginia,South,0
43,cdadda1q@yellowpages.com,"502-839-7116",Senior Developer,2020-11-15,1,Collen D'adda,Single,"70 Artisan Way",Frankfort,Kentucky,South,0
54,cfairalleb@fema.gov,"607-536-3239",Analog Circuit Design manager,2018-07-29,1,Con Fairall,Married,"726 Bultman Park",Elmira,New York,Northeast,0
24,cdanieloug4@globo.com,"812-972-3254",Speech Pathologist,2018-05-28,1,Concordia Danielou,Single,"0 Coolidge Parkway",Evansville,Indiana,Midwest,0
26,cgoakesml@joomla.org,"510-174-2881",Administrative Assistant II,2017-02-12,1,Conny Goakes,Single,"83134 Waubesa Point",Oakland,California,West,0
50,cmardlingom@engadget.com,"901-551-7530",Cost Accountant,2015-08-11,1,Conrade Mardling,Divorced,"9317 Ramsey Parkway",Memphis,Tennessee,South,0
31,cdruerykt@alexa.com,"585-265-2239",Teacher,2016-10-30,1,Conroy Druery,Separated,"066 Express Place",Rochester,New York,Northeast,0
47,chartilpx@loc.gov,"828-639-3011",Pharmacist,2021-03-30,1,Conroy Hartil,,"298 Oak Valley Avenue",Asheville,North Carolina,South,0
35,co3@bloglines.com,"402-688-7162",Desktop Support Technician,2015-10-20,1,Constantin De La Cruz,,"6 Monument Crossing",Omaha,Nebraska,Midwest,0
29,cmaryetkd@networkadvertising.org,"713-683-1694",Senior Sales Associate,2015-10-31,1,Constantine Maryet,Married,"23291 Roxbury Alley",Houston,Texas,South,0
33,cgreenier6p@t.co,"316-225-5372",Paralegal,2020-01-04,1,Corabel Greenier,Married,"151 Comanche Hill",Wichita,Kansas,Midwest,0
30,cocosgrae1@trellian.com,"704-315-7585",Sales Representative,2014-07-20,1,Corbet O'cosgra,Single,"4 Oakridge Junction",Charlotte,North Carolina,South,0
44,ctyasjv@multiply.com,"859-639-5983",Teacher,2022-01-29,1,Cordie Tyas,Married,"05 Caliangt Parkway",Lexington,Kentucky,South,0
37,cvayroga@house.gov,"239-161-0777",Statistician III,2015-05-16,1,Corette Vayro,Married,"39624 Derek Point",Fort Myers,Florida,South,0
52,chands1a@cdc.gov,"928-567-1134",Media Manager IV,2017-05-21,1,Corey Hands,Single,"04 Lindbergh Crossing",Peoria,Arizona,West,0
38,chakonsenog@prweb.com,"202-967-9616",Quality Engineer,2018-08-04,1,Corina Hakonsen,Single,"22708 Dennis Alley",Washington,District of Columbia,South,0
49,crossibm@wired.com,"208-613-9378",Senior Quality Engineer,2020-05-21,1,Cornelius Rossi,Married,"7 Golf Hill",Boise,Idaho,West,0
63,ctinsleyaz@epa.gov,"754-113-3031",VP Quality Control,2018-05-27,1,Cornie Tinsley,Divorced,"50883 Warbler Hill",Fort Lauderdale,Florida,South,0
61,clinneman7h@homestead.com,"772-432-9927",Teacher,2020-12-16,1,Corny Linneman,Married,"1529 Columbus Pass",Fort Pierce,Florida,South,0
28,clambswoodnp@dropbox.com,"202-757-3789",Geologist IV,2022-06-27,1,Corrine Lambswood,Divorced,"696 Grover Drive",Washington,District of Columbia,South,0
43,cgianuzziej@slideshare.net,"817-189-2970",Tax Accountant,2018-08-05,1,Cory Gianuzzi,Divorced,"3372 Fallview Park",Arlington,Texas,South,0
25,cchattertons@list-manage.com,"713-859-3870",Analog Circuit Design manager,2017-05-26,1,Cosette Chatterton,Single,"7 8th Plaza",Houston,Texas,South,0
32,ctweedah@mashable.com,"217-138-3097",Internal Auditor,2016-06-09,1,Cosmo Tweed,Divorced,"4416 Toban Point",Champaign,Illinois,Midwest,0
41,cbangiard1q@livejournal.com,"915-666-8342",Chief Design Engineer,2017-07-13,1,Crichton Bangiard,Divorced,"42 Old Shore Place",El Paso,Texas,South,0
22,ccicconettii44@merriam-webster.com,"682-234-0127",Structural Analysis Engineer,2017-09-27,1,Cristabel Cicconettii,Divorced,"733 Stuart Lane",Fort Worth,Texas,South,0
20,cwaypergi@twitpic.com,"571-624-1089",Help Desk Technician,2022-01-16,1,Cristen Wayper,Divorced,"30192 Rigney Street",Arlington,Virginia,South,0
44,cbuskebm@privacy.gov.au,"310-489-6918",Research Assistant II,2020-04-10,1,Crystie Buske,Separated,"21 Miller Alley",Inglewood,California,West,0
59,creddicknf@google.co.jp,"317-365-1891",Financial Analyst,2015-02-15,1,Crystie Reddick,Married,"41410 Ilene Pass",Indianapolis,Indiana,Midwest,0
30,cwetheredbg@yahoo.com,"609-351-5289",Pharmacist,2020-02-02,1,Crystie Wethered,Married,"99814 David Street",Trenton,New Jersey,Northeast,0
32,cdawtryqt@so-net.ne.jp,"330-975-7277",VP Marketing,2021-04-06,1,Cullin Dawtry,Divorced,"26 Grayhawk Hill",Warren,Ohio,Midwest,0
39,cizaacbi@opensource.org,"513-389-5684",Computer Systems Analyst I,2016-05-13,1,Cully Izaac,Single,"9765 Daystar Trail",Cincinnati,Ohio,Midwest,0
64,carthym@miibeian.gov.cn,"571-708-9885",Accounting Assistant III,2016-08-12,1,Culver Arthy,Single,"364 Southridge Trail",Falls Church,Virginia,South,0
53,ccowopeet@scientificamerican.com,"212-299-7277",Electrical Engineer,2020-11-12,1,Curr Cowope,Married,"00 International Trail",New York City,New York,Northeast,0
28,chanhardt9b@oaic.gov.au,"505-200-5486",Engineer IV,2016-08-19,1,Currie Hanhardt,Divorced,"006 Steensland Terrace",Albuquerque,New Mexico,West,0
30,ctimsjp@cbslocal.com,"850-605-4138",Mechanical Systems Engineer,2012-11-25,1,Curt Tims,Single,"5 Monica Way",Panama City,Florida,South,0
38,cjankon1@ebay.com,"208-531-9317",Quality Engineer,2016-08-09,1,Cymbre Janko,Married,"99731 Hintze Way",Boise,Idaho,West,0
30,cmatusove1@eventbrite.com,"571-797-0757",Senior Editor,2021-03-11,1,Cynthia Matusov,Married,"1490 Bunting Terrace",Springfield,Virginia,South,0
46,cswetmanq4@cdc.gov,"562-813-8199",Actuary,2020-01-03,1,Cyrille Swetman,Married,"3183 Messerschmidt Avenue",Long Beach,California,West,0
54,clabbett9p@cam.ac.uk,"423-704-8111",Environmental Specialist,2015-11-27,1,Cyrillus Labbett,Married,"1 Judy Circle",Chattanooga,Tennessee,South,0
31,dburgoinp4@loc.gov,"646-335-7338",Quality Engineer,2016-06-15,1,Daffie Burgoin,Single,"5642 Stephen Street",New York City,New York,Northeast,0
58,dbegg39@altervista.org,"203-115-5254",Electrical Engineer,2021-03-08,1,Dagny Begg,Single,"7500 Mccormick Place",Norwalk,Connecticut,Northeast,0
54,dellen1s@ihg.com,"317-875-2493",Accounting Assistant I,2018-04-23,1,Dale Ellen,Married,"6176 Jay Way",Indianapolis,Indiana,Midwest,0
37,dgosneyead@tmall.com,"765-478-1900",Senior Editor,2015-06-19,1,Dalila Gosneye,Married,"6241 Longview Road",Lafayette,Indiana,Midwest,0
60,dduddinna@topsy.com,"415-553-6918",Budget/Accounting Analyst IV,2017-03-18,1,Dalli Duddin,Married,"87854 Wayridge Place",San Francisco,California,West,0
19,dgwythercz@devhub.com,"561-234-6186",Senior Quality Engineer,2018-11-11,1,Dalli Gwyther,Married,"1020 Anthes Park",Boca Raton,Florida,South,0
39,daubertbo@tumblr.com,"573-763-7848",Clinical Specialist,2018-11-10,1,Dalston Aubert,Single,"50885 Holmberg Court",Columbia,Missouri,Midwest,0
20,deppersonfi@de.vu,"903-133-8972",Research Associate,2018-09-23,1,Dalton Epperson,Separated,"60126 Eagle Crest Hill",Tyler,Texas,South,0
34,ddionisol@utexas.edu,"415-558-5275",Environmental Specialist,2012-02-21,1,Damaris Dioniso,Married,"5 Eagan Terrace",San Francisco,California,West,0
36,dleonards9n@deliciousdays.com,"910-920-0200",Quality Control Specialist,2021-01-24,1,Damaris Leonards,Single,"913 Longview Road",Fayetteville,North Carolina,South,0
68,dkinradeno@patch.com,"562-983-5650",Automation Specialist I,2019-07-28,1,Damiano Kinrade,Married,"894 Pond Drive",Long Beach,California,West,0
48,ddyett2t@google.com.hk,"916-309-0102",Speech Pathologist,2021-11-28,1,Dane Dyett,Single,"7 Ridge Oak Road",Sacramento,California,West,0
68,dmorrisso9@merriam-webster.com,"573-763-3642",Technical Writer,2016-05-23,1,Danella Morriss,Married,"2 Stone Corner Avenue",Columbia,Missouri,Midwest,0
48,dandreuev@vkontakte.ru,"785-626-8848",VP Product Management,2015-01-29,1,Daniella Andreu,Single,"78760 Welch Street",Topeka,Kansas,Midwest,0
26,dcreaghlk@scribd.com,"404-918-1496",Quality Engineer,2021-10-23,1,Danika Creagh,Single,"22 Maywood Plaza",Lawrenceville,Georgia,South,0
42,dteague39@nydailynews.com,"610-889-3130",Administrative Assistant III,2021-08-29,1,Danila Teague,,"9 Sugar Way",Philadelphia,Pennsylvania,Northeast,0
43,dwiggansn@archive.org,"202-702-7529",GIS Technical Architect,2021-10-30,1,Danila Wiggans,Married,"58796 Veith Avenue",Bethesda,Maryland,South,0
35,dcowinsgo@ucoz.com,"682-486-0295",Design Engineer,2020-09-06,1,Danit Cowins,Single,"13 Clemons Terrace",Fort Worth,Texas,South,0
55,dlawrensonlq@canalblog.com,"502-440-9138",Chief Design Engineer,2015-11-28,1,Danni Lawrenson,Single,"1 Sachtjen Road",Migrate,Kentucky,South,0
30,dmartinoth7@columbia.edu,"916-120-1751",Software Test Engineer III,2022-06-21,1,Danni Martinot,Single,"8349 Ruskin Plaza",Sacramento,California,West,0
55,dpilkinton20@yellowbook.com,"619-514-7620",GIS Technical Architect,2020-08-09,1,Dannie Pilkinton,Single,"7258 Cardinal Pass",San Diego,California,West,0
49,dboles58@blogs.com,"615-899-8132",Editor,2017-03-09,1,Daphna Boles,Married,"47 La Follette Parkway",Nashville,Tennessee,South,0
43,dtoselandor@webs.com,"202-525-3263",Web Developer IV,2015-04-03,1,Daphna Toseland,Married,"3 Katie Court",Washington,District of Columbia,South,0
43,ditscovitzan@wisc.edu,"202-158-8774",General Manager,2020-02-11,1,Darcee Itscovitz,Single,"51568 Farragut Plaza",Washington,District of Columbia,South,0
53,dkosb4@jigsy.com,"804-494-6074",Internal Auditor,2020-09-12,1,Darcee Kos,Single,"13227 Farmco Point",Richmond,Virginia,South,0
54,dlooneybw@ftc.gov,"831-893-8210",Software Engineer II,2020-03-01,1,Darcee Looney,Married,"6967 Maywood Drive",Santa Clara,California,West,0
27,dconaboyli@salon.com,"615-686-6794",Technical Writer,2020-03-23,1,Darcy Conaboy,Married,"22123 Homewood Alley",Memphis,Tennessee,South,0
67,djozwiak84@vinaora.com,"601-747-9163",Human Resources Manager,2018-10-23,1,Darcy Jozwiak,Married,"8 Gulseth Terrace",Jackson,Mississippi,South,0
67,dbarsham7o@istockphoto.com,"850-482-9732",Senior Financial Analyst,2020-07-01,1,Dari Barsham,Single,"831 Springview Place",Panama City,Florida,South,0
45,dcreebercx@friendfeed.com,"919-698-3046",Technical Writer,2015-11-22,1,Daria Creeber,Single,"887 Waubesa Center",Durham,North Carolina,South,0
68,ddwelleyr8@myspace.com,"253-609-5830",Research Assistant IV,2021-08-12,1,Darla Dwelley,Separated,"3 Corry Court",Tacoma,Washington,West,0
62,ddebk@imdb.com,"772-899-8510",Sales Associate,2015-01-09,1,Daron De Rechter,Single,"369 Sherman Place",Fort Pierce,Florida,South,0
42,dventama@uol.com.br,"203-993-0118",Chemical Engineer,2017-03-12,1,Darwin Ventam,Married,"2254 Express Hill",New Haven,Connecticut,Northeast,0
50,dfairbracej3@usatoday.com,"254-276-6310",Programmer Analyst IV,2012-11-01,1,Daryn Fairbrace,Divorced,"09 Valley Edge Alley",Waco,Texas,South,0
57,dmacclay2s@a8.net,"941-114-4927",Software Engineer I,2018-07-04,1,Dasha Macclay,Married,"2255 Southridge Alley",Port Charlotte,Florida,South,0
18,doblein54@cmu.edu,"937-975-4729",Nurse,2017-01-08,1,Dasi Oblein,Single,"650 Kinsman Pass",Dayton,Ohio,Midwest,0
48,dhugincu@seattletimes.com,"727-789-8706",Operator,2022-03-11,1,Davida Hugin,Divorced,"875 Packers Parkway",Clearwater,Florida,South,0
24,dgregore7l@craigslist.org,"303-560-6001",Librarian,2020-06-06,1,Davis Gregore,Single,"9410 Lerdahl Parkway",Littleton,Colorado,West,0
51,dlongbottomhi@ucoz.ru,"608-895-2738",Community Outreach Specialist,2019-03-26,1,Ddene Longbottom,Divorced,"454 Pearson Avenue",Madison,Wisconsin,Midwest,0
48,dbremingkk@buzzfeed.com,"818-610-0679",Safety Technician II,2022-01-20,1,Deana Breming,Single,"52 Darwin Point",Santa Monica,California,West,0
38,droyloc@storify.com,"414-596-1308",Senior Sales Associate,2012-06-24,1,Deane Royl,Separated,"3 Valley Edge Point",Milwaukee,Wisconsin,Midwest,0
35,ddionisiiaj@thetimes.co.uk,"210-226-4220",Human Resources Assistant II,2013-11-09,1,Debbie Dionisii,Single,"47467 Gulseth Center",San Antonio,Texas,South,0
58,dlalleygx@shutterfly.com,"952-436-9703",Chemical Engineer,2019-11-10,1,Debee Lalley,Single,"03 Sundown Parkway",Young America,Minnesota,Midwest,0
55,dsabanmu@zimbio.com,"561-767-5349",Internal Auditor,2013-12-10,1,Debee Saban,Divorced,"1461 Graedel Way",Lake Worth,Florida,South,0
53,dwestnedge33@google.com.hk,"909-521-5682",Social Worker,2017-10-06,1,Debora Westnedge,Single,"3633 Valley Edge Plaza",Riverside,California,West,0
47,dtreanoraj@xinhuanet.com,"917-483-9000",Programmer II,2015-09-27,1,Deck Treanor,Single,"910 Macpherson Circle",Brooklyn,New York,Northeast,0
32,dodowlingnw@google.pl,"816-697-1093",Tax Accountant,2016-12-11,1,Deena O'dowling,Married,"66 Kingsford Lane",Kansas City,Missouri,Midwest,0
54,dghelarduccigt@163.com,"304-824-2987",Office Assistant II,2020-10-20,1,Delcina Ghelarducci,Single,"0 Westerfield Hill",Charleston,West Virginia,South,0
47,dconyardft@com.com,"305-628-4976",Quality Engineer,2022-03-25,1,Dell Conyard,Single,"5053 Springview Circle",Hialeah,Florida,South,0
22,dnancekivello@photobucket.com,"785-788-9549",Engineer IV,2015-02-23,1,Dell Nancekivell,Married,"389 Delaware Way",Topeka,Kansas,Midwest,0
56,dbarbiela@tamu.edu,"646-923-2673",Analog Circuit Design manager,2017-09-15,1,Delmar Barbie,Married,"0585 Marquette Junction",Brooklyn,New York,Northeast,0
34,drockid@live.com,"318-445-2747",Engineer I,2018-04-21,1,Delora Rock,Married,"774 Thackeray Plaza",Shreveport,Louisiana,South,0
54,dbaackkz@answers.com,"623-874-0951",Geologist II,2018-03-08,1,Demetris Baack,Single,"33714 Granby Crossing",Phoenix,Arizona,West,0
50,dfarnonmr@bbb.org,"574-913-8074",Nurse,2020-06-03,1,Denice Farnon,Single,"4 Monument Drive",South Bend,Indiana,Midwest,0
43,dmckennad8@smugmug.com,"281-328-9730",Graphic Designer,2016-04-14,1,Denice Mckenna,Married,"90 Bunker Hill Plaza",Galveston,Texas,South,0
54,dchecchi5q@blogspot.com,"772-849-0120",Design Engineer,2020-05-19,1,Denise Checchi,Married,"8 Briar Crest Parkway",West Palm Beach,Florida,South,0
34,dlukeseq@digg.com,"214-332-0714",Recruiter,2018-02-04,1,Denni Lukes,Married,"6753 Cherokee Circle",Dallas,Texas,South,0
29,dpoteg5@house.gov,"216-608-4945",Human Resources Assistant I,2017-11-09,1,Denni Pote,Single,"907 Red Cloud Junction",Cleveland,Ohio,Midwest,0
633,dstallardl9@devhub.com,"816-567-5883",Nuclear Power Engineer,2018-07-03,1,Denni Stallard,Single,"73737 Kinsman Street",Saint Joseph,Missouri,Midwest,1
55,dgrainger7g@skyrock.com,"650-380-1663",Budget/Accounting Analyst IV,2016-03-29,1,Deny Grainger,,"5 Corry Hill",Los Angeles,California,West,0
39,dbedells86@wunderground.com,"513-985-6579",Desktop Support Technician,2019-04-01,1,Derby Bedells,Single,"83929 Victoria Avenue",Cincinnati,Ohio,Midwest,0
38,drens1y@cargocollective.com,"205-710-0293",Senior Cost Accountant,2018-04-05,1,Derrick Rens,Married,"30 Norway Maple Hill",Birmingham,Alabama,South,0
33,djovanovic6r@sun.com,"559-943-1416",Senior Quality Engineer,2021-01-05,1,Desmond Jovanovic,Married,"1 Dryden Junction",Fresno,California,West,0
39,dpostan6g@dot.gov,"858-805-3881",Structural Analysis Engineer,2018-05-13,1,Dev Postan,Married,"235 Spaight Terrace",Orange,California,West,0
39,dstackbridgecp@craigslist.org,"361-848-8497",Editor,2017-06-22,1,Devlin Stackbridge,Single,"1 Sugar Way",Corpus Christi,Texas,South,0
43,ddulakeg7@paginegialle.it,"804-586-5992",Marketing Manager,2022-03-05,1,Devondra Dulake,Married,"90 Esch Crossing",Richmond,Virginia,South,0
61,ddeo6@cbc.ca,"520-913-7080",Analog Circuit Design manager,2021-02-20,1,Devonne De Almeida,Married,"6 Fisk Way",Tucson,Arizona,West,0
37,dwranklingbv@squidoo.com,"281-563-0076",Geologist III,2015-11-23,1,Diarmid Wrankling,Married,"15916 Myrtle Parkway",Atlanta,Georgia,South,0
48,dsolesbury66@netvibes.com,"770-969-0322",Technical Writer,2018-03-27,1,Dido Solesbury,Separated,"7 Gina Street",Lawrenceville,Georgia,South,0
37,dbeldhamr6@prweb.com,"202-670-0108",Internal Auditor,2021-03-23,1,Dillie Beldham,Married,"08 Lake View Plaza",Silver Spring,Maryland,South,0
52,dmcgraffinm7@wikimedia.org,"208-183-2110",General Manager,2021-09-09,1,Dimitry Mcgraffin,Divorced,"0 Shasta Court",Boise,Idaho,West,0
35,dgoldthorp8g@epa.gov,"850-618-4517",Recruiting Manager,2014-01-06,1,Dix Goldthorp,Single,"38155 Kropf Junction",Tallahassee,Florida,South,0
31,dhavockw@blog.com,"360-589-9459",Biostatistician I,2014-11-01,1,Dody Havoc,Single,"5614 Armistice Center",Seattle,Washington,West,0
50,dprestigeos@privacy.gov.au,"832-215-0811",Director of Sales,2012-04-12,1,Dom Prestige,Divorced,"26258 Browning Alley",Katy,Texas,South,0
53,dhaythornthwaite8o@sphinn.com,"414-756-4627",VP Product Management,2016-10-19,1,Dominga Haythornthwaite,Separated,"011 Susan Way",Milwaukee,Wisconsin,Midwest,0
26,dmillimoeq3@yandex.ru,"214-172-3106",Sales Associate,2015-10-19,1,Donnell Millimoe,Single,"132 Ridgeview Street",Dallas,Texas,South,0
33,dglyssanne7e@purevolume.com,"520-488-9316",Software Test Engineer IV,2017-10-12,1,Donny Glyssanne,Married,"351 Kennedy Center",Tucson,Arizona,West,0
42,dpaddefieldac@blogspot.com,"602-776-1099",,2017-04-08,1,Donny Paddefield,Single,"424 Westend Circle",Phoenix,Arizona,West,0
40,dpoizer7z@ehow.com,"760-153-1294",Help Desk Operator,2017-04-19,1,Dorena Poizer,Married,"6 Pankratz Drive",Carlsbad,California,West,0
26,dantonettihd@wsj.com,"971-394-9598",Quality Control Specialist,2021-01-09,1,Dorene Antonetti,Married,"575 Bellgrove Lane",Portland,Oregon,West,0
26,dedginim@craigslist.org,"713-210-3623",Environmental Specialist,2015-05-02,1,Dorey Edgin,Married,"911 Buhler Alley",Houston,Texas,South,0
43,datkinsh6@stumbleupon.com,"304-306-8326",VP Quality Control,2016-03-22,1,Dorian Atkins,Single,"876 Manley Drive",Charleston,West Virginia,South,0
51,dmeffanbq@paypal.com,"845-492-2656",Senior Cost Accountant,2018-05-06,1,Doro Meffan,Married,"76597 Glacier Hill Point",White Plains,New York,Northeast,0
46,dkennerleyp5@wiley.com,"202-381-6473",Safety Technician IV,2013-03-06,1,Dorothea Kennerley,Married,"78 Meadow Valley Court",Washington,District of Columbia,South,0
41,dkornyakovz@nhs.uk,"719-320-1792",Professor,2019-04-19,1,Dorrie Kornyakov,Married,"500 Prairie Rose Road",Pueblo,Colorado,West,0
46,dclemont26@devhub.com,"812-536-9109",Librarian,2020-08-29,1,Dorthy Clemont,Divorced,"26334 Melody Street",Evansville,Indiana,Midwest,0
44,dsteger8t@angelfire.com,"334-431-0605",Database Administrator III,2014-12-06,1,Dory Steger,Married,"953 Shopko Junction",Montgomery,Alabama,South,0
40,dbretonas@loc.gov,"212-373-1614",Account Coordinator,2017-01-07,1,Dottie Breton,Single,"943 Hansons Place",New York City,New York,Northeast,0
43,dbloschkec0@delicious.com,"240-974-5084",Geological Engineer,2019-11-02,1,Drucy Bloschke,Separated,"218 Bellgrove Drive",Frederick,Maryland,South,0
42,djendrich74@ehow.com,"612-926-8724",Software Engineer III,2017-04-18,1,Drusie Jendrich,Married,"8525 Bonner Court",Minneapolis,Minnesota,Midwest,0
41,dtie1o@opensource.org,"217-106-2204",,2021-09-18,1,Duke Tie,Divorced,"29 Bunker Hill Plaza",Champaign,Illinois,Midwest,0
54,dlubman6u@mac.com,"813-213-6082",Engineer II,2012-11-27,1,Dulcea Lubman,Single,"5 Forster Road",Tampa,Florida,South,0
40,daslena4@bbc.co.uk,"240-606-9742",Senior Sales Associate,2016-07-27,1,Dulci Aslen,Married,"5200 Iowa Center",Hagerstown,Maryland,South,0
21,dgherardesci8d@diigo.com,"513-339-5048",Environmental Specialist,2021-06-28,1,Durand Gherardesci,Married,"8298 Sloan Court",Cincinnati,Ohio,Midwest,0
60,dbeddows9i@123-reg.co.uk,"212-801-5994",Nurse,2018-10-30,1,Durante Beddows,Divorced,"31683 Lyons Court",New York City,New York,Northeast,0
48,dbaccus8j@elegantthemes.com,"763-502-9649",Computer Systems Analyst II,2017-09-30,1,Dusty Baccus,,"5893 Milwaukee Plaza",Loretto,Minnesota,Midwest,0
42,dbaldack5b@walmart.com,"919-336-5334",Business Systems Development Analyst,2016-11-13,1,Dusty Baldack,Married,"9 Kings Drive",Raleigh,North Carolina,South,0
35,dwestoff6i@alexa.com,"862-791-8604",Payment Adjustment Coordinator,2020-03-23,1,Dyane Westoff,Married,"3373 Rusk Road",Paterson,New Jersey,Northeast,0
68,ddorrityr2@jigsy.com,"786-621-8735",Occupational Therapist,2016-11-01,1,Dyanna Dorrity,Single,"66177 Novick Road",Hialeah,Florida,South,0
43,dleitch8f@cloudflare.com,"337-844-5415",Research Associate,2017-08-31,1,Dyanne Leitch,Married,"26 Del Mar Trail",Lafayette,Louisiana,South,0
26,ejotchamer@oakley.com,"850-870-5207",Safety Technician IV,2016-10-23,1,Eadmund Jotcham,Divorced,"7265 Nancy Pass",Tallahassee,Florida,South,0
50,ewaterdrinkerol@cafepress.com,"626-413-5693",Administrative Officer,2022-02-11,1,Ealasaid Waterdrinker,Single,"84511 Kedzie Center",Pasadena,California,West,0
60,eblackebyl5@ca.gov,"281-814-8716",Programmer III,2020-02-29,1,Earlie Blackeby,Married,"46534 Butterfield Park",Houston,Texas,South,0
57,ebeebeepn@ca.gov,"202-674-7194",Legal Assistant,2021-06-01,1,Eben Beebee,Divorced,"8335 Eagan Alley",Washington,District of Columbia,South,0
38,ehambribei@china.com.cn,"770-167-4852",Community Outreach Specialist,2014-06-18,1,Ed Hambribe,Divorced,"04354 Graceland Junction",Marietta,Georgia,South,0
28,eclarksonfa@cpanel.net,"304-867-4197",Associate Professor,2018-12-24,1,Edgard Clarkson,Divorced,"0 Morrow Pass",Huntington,West Virginia,South,0
67,eroycraft7x@japanpost.jp,"208-729-4760",Geologist I,2018-02-23,1,Edgard Roycraft,Single,"1177 Raven Alley",Portland,Oregon,West,0
42,ekarlmann6p@people.com.cn,"916-349-7455",Accountant I,2016-04-06,1,Edi Karlmann,Single,"59397 Crest Line Junction",Sacramento,California,West,0
46,ederrellhi@blog.com,"860-821-6426",Help Desk Operator,2012-02-11,1,Edin Derrell,Single,"09 Garrison Point",Hartford,Connecticut,Northeast,0
30,elerwillni@yelp.com,"443-243-9591",GIS Technical Architect,2016-09-01,1,Edna Lerwill,Single,"987 Lyons Terrace",Baltimore,Maryland,South,0
59,eravenscroftjq@unblog.fr,"786-234-7450",Administrative Assistant III,2015-06-17,1,Egbert Ravenscroft,Single,"90 Mccormick Point",Miami,Florida,South,0
22,ezanassi5l@nytimes.com,"770-377-9714",Budget/Accounting Analyst IV,2019-10-10,1,Egon Zanassi,Single,"12 Springview Way",Atlanta,Georgia,South,0
45,estihlo8@dailymail.co.uk,"281-893-8298",Computer Systems Analyst III,2021-07-01,1,Egor Stihl,Single,"25 Pankratz Pass",Humble,Texas,South,0
45,elooselyf6@ucla.edu,"817-766-1144",Paralegal,2012-01-22,1,Ekaterina Loosely,Married,"59679 Ridge Oak Park",Arlington,Texas,South,0
19,ede3j@unesco.org,"609-103-9732",Executive Secretary,2017-09-25,1,Elana De Biasi,Married,"2 Raven Point",Trenton,New Jersey,Northeast,0
65,ejodkowskif@bloglines.com,"404-120-0505",,2017-11-09,1,Elayne Jodkowski,Separated,"7750 Blue Bill Park Terrace",Atlanta,Georgia,South,0
35,estideverq0@addtoany.com,"425-418-8946",Statistician IV,2017-01-31,1,Elbert Stidever,Married,"9467 Bluejay Crossing",Everett,Washington,West,0
52,eguilberteb@ted.com,"619-613-6303",Financial Analyst,1915-05-15,1,Elbertine Guilbert,Married,"1965 Texas Point",San Diego,California,West,1
53,erowbury8m@mapquest.com,"956-808-8822",Internal Auditor,2018-12-14,1,Eldin Rowbury,Single,"11779 Holmberg Point",Laredo,Texas,South,0
56,ehaggartyh2@google.es,"702-155-3684",Technical Writer,2015-07-02,1,Eleanor Haggarty,Single,"200 Grim Point",Las Vegas,Nevada,West,0
54,epottsiz@shareasale.com,"407-785-3439",Speech Pathologist,2017-01-06,1,Eleanor Potts,Married,"46759 Eagle Crest Pass",Orlando,Florida,South,0
19,eturfreyas@ft.com,"312-579-7315",Nurse,2017-08-11,1,Elenore Turfrey,Single,"6101 Toban Terrace",Chicago,Illinois,Midwest,0
49,ebrace2w@de.vu,"267-652-9064",Paralegal,2016-12-28,1,Elianora Brace,Separated,"51233 Stuart Park",Levittown,Pennsylvania,Northeast,0
37,eormerod2h@dailymail.co.uk,"816-996-0352",Payment Adjustment Coordinator,2021-02-05,1,Elianore Ormerod,Divorced,"30 Judy Avenue",Kansas City,Missouri,Midwest,0
32,epirisgl@telegraph.co.uk,"361-489-4641",Paralegal,2012-08-30,1,Elinore Piris,Married,"4850 Bonner Road",Corpus Christi,Texas,South,0
45,ewhiteley12@nps.gov,"772-413-2366",Community Outreach Specialist,2016-09-01,1,Elisa Whiteley,Divorced,"72 Dottie Junction",Fort Pierce,Florida,South,0
46,eflecknellr3@google.com,"505-586-9508",Programmer Analyst II,2014-07-27,1,Ellen Flecknell,Married,"871 Porter Avenue",Albuquerque,New Mexico,West,0
47,earrell7f@1688.com,"937-364-3496",Staff Accountant IV,2015-06-14,1,Ellerey Arrell,Single,"8323 Almo Lane",Dayton,Ohio,Midwest,0
55,erosenwaldba@sitemeter.com,"425-241-0409",Compensation Analyst,2017-08-05,1,Elliott Rosenwald,Single,"62 Roxbury Terrace",Seattle,Washington,West,0
53,ehurseyqi@ca.gov,"901-311-0648",Project Manager,2013-10-06,1,Elmer Hursey,Married,"7029 Esch Street",Memphis,Tennessee,South,0
32,edungatect@zdnet.com,"202-201-0099",Structural Analysis Engineer,2018-07-25,1,Elnore Dungate,Married,"907 Little Fleur Circle",Washington,District of Columbia,South,0
32,epattieiw@51.la,"727-712-0290",Junior Executive,2016-08-17,1,Eloise Pattie,Divorced,"249 Oakridge Trail",Saint Petersburg,Florida,South,0
42,ephizaclea2z@jiathis.com,"336-147-9486",Help Desk Technician,2020-12-01,1,Elonore Phizaclea,Single,"68451 Crescent Oaks Pass",High Point,North Carolina,South,0
53,ependergrast8b@jalbum.net,"281-533-9259",Graphic Designer,2020-09-10,1,Elsa Pendergrast,Married,"2337 Eggendart Alley",Houston,Texas,South,0
39,eswayslandrq@free.fr,"773-745-8082",VP Accounting,2020-07-18,1,Elton Swaysland,Married,"6588 Alpine Center",Chicago,Illinois,Midwest,0
44,efoulkesfm@ucoz.com,"718-236-9052",Account Executive,2016-05-09,1,Elva Foulkes,Single,"54 Heffernan Street",Bronx,New York,Northeast,0
20,ecallfln@icio.us,"360-904-1433",VP Sales,2021-03-06,1,Elvyn Callf,Divorced,"01 Jay Circle",Kent,Washington,West,0
36,eblesdilljj@exblog.jp,"251-149-1558",Desktop Support Technician,2019-06-25,1,Elyn Blesdill,Married,"0 Mockingbird Park",Mobile,Alabama,South,0
54,esqueersew@opera.com,"317-907-8699",Financial Advisor,2020-10-23,1,Elyn Squeers,Divorced,"6 Hanover Way",Indianapolis,Indiana,Midwest,0
43,eravenscraftgt@umn.edu,"347-494-0120",Desktop Support Technician,2012-10-08,1,Elysia Ravenscraft,Married,"7253 Merrick Road",Flushing,New York,Northeast,0
25,eosboldstone4m@ted.com,"304-149-2833",Product Engineer,2018-01-31,1,Emily Osboldstone,Married,"8636 Manley Center",Huntington,West Virginia,South,0
28,esugden51@auda.org.au,"202-263-0547",Librarian,2012-02-26,1,Emmalee Sugden,Divorced,"27 Vahlen Alley",Washington,District of Columbia,South,0
50,esoaperdf@rakuten.co.jp,"405-339-4558",Sales Associate,2019-06-08,1,Emmalyn Soaper,Single,"854 Spohn Way",Oklahoma City,Oklahoma,South,0
49,estollbergerc9@flickr.com,"605-447-5780",Developer III,2021-04-16,1,Emmett Stollberger,Married,"97 Raven Trail",Sioux Falls,South Dakota,Midwest,0
49,ematteini8n@answers.com,"210-690-4897",Paralegal,2019-04-11,1,Emmie Matteini,Single,"3627 Fordem Junction",San Antonio,Texas,South,0
36,epochon7d@foxnews.com,"303-245-9803",Technical Writer,2018-03-22,1,Emmy Pochon,Married,"89 Waxwing Place",Aurora,Colorado,West,0
66,edantuonic3@creativecommons.org,"248-277-5582",Product Engineer,2015-06-27,1,Enrichetta D'antuoni,Divorced,"13 Lakewood Center",Troy,Michigan,Midwest,0
53,ecuttler42@ifeng.com,"404-858-0809",Legal Assistant,2018-03-22,1,Enrique Cuttler,Married,"1 Hermina Lane",Atlanta,Georgia,South,0
36,esuckling1i@ovh.net,"317-598-6813",Editor,2021-08-26,1,Enriqueta Suckling,Single,"598 Eagan Circle",Indianapolis,Indiana,Midwest,0
25,eyarnleyf0@google.de,"704-287-7619",Business Systems Development Analyst,2012-11-12,1,Eolanda Yarnley,Married,"773 Lerdahl Alley",Charlotte,North Carolina,South,0
26,ebraunter15@state.gov,"859-422-6180",,2016-11-20,1,Ephrem Braunter,Married,"74155 Dexter Point",Lexington,Kentucky,South,0
33,emedhurst7k@g.co,"602-715-0222",Human Resources Assistant III,2018-11-15,1,Erik Medhurst,Single,"73225 Susan Street",Glendale,Arizona,West,0
55,erapaqq@samsung.com,"571-114-3422",Accounting Assistant IV,2014-06-30,1,Erin Rapa,Single,"61 Loftsgordon Drive",Merrifield,Virginia,South,0
288,eaubertqp@cargocollective.com,"615-711-2470",Automation Specialist II,2012-11-02,1,Erina Aubert,Married,"2597 Hallows Road",Nashville,Tennessee,South,1
23,ereasun9f@last.fm,"916-779-4526",Biostatistician II,2015-08-04,1,Ermengarde Reasun,Married,"8145 Helena Parkway",Sacramento,California,West,0
60,efawltey6d@nymag.com,"309-155-7976",Research Associate,2021-09-22,1,Erna Fawltey,Single,"1 Di Loreto Circle",Peoria,Illinois,Midwest,0
25,ehuxterm0@marketwatch.com,"704-295-3261",Software Test Engineer III,2017-09-29,1,Erwin Huxter,Married,"0 Homewood Road",Charlotte,North Carolina,South,0
25,ehuxterm0@marketwatch.com,"704-295-3261",Software Test Engineer III,2017-09-29,1,Erwin Huxter,Single,"0 Homewood Road",Charlotte,North Carolina,South,0
27,ebowlesa1@google.it,"601-886-2453",Budget/Accounting Analyst I,2018-03-04,1,Esma Bowles,Single,"8 Namekagon Hill",Jackson,Mississippi,South,0
46,ewattingeg@weebly.com,"540-585-1748",Programmer Analyst IV,2015-03-11,1,Esra Watting,Divorced,"81550 Darwin Lane",Roanoke,Virginia,South,0
39,ebritten2u@amazonaws.com,"202-564-7784",Associate Professor,2018-12-29,1,Estelle Britten,Single,"25260 Corben Pass",Washington,District of Columbia,South,0
46,evon92@state.gov,"615-375-3691",,2022-02-01,1,Ettie Von Der Empten,Married,"5080 Forest Pass",Nashville,Tennessee,South,0
21,ecowenqx@soup.io,"601-384-8715",Developer II,2015-11-11,1,Eulalie Cowen,Single,"1 Melody Terrace",Jackson,Mississippi,South,0
36,epenberthyro@google.ca,"202-400-4314",Staff Scientist,2017-07-20,1,Ev Penberthy,Single,"486 Garrison Place",Washington,District of Columbia,South,0
67,eworviellp2@nhs.uk,"817-420-2190",Senior Quality Engineer,2015-07-19,1,Evangelin Worviell,Single,"6 Waywood Way",Fort Worth,Texas,South,0
68,edixcey6q@mysql.com,"916-686-9337",Editor,2015-06-06,1,Evangeline Dixcey,Married,"190 Florence Terrace",Sacramento,California,West,0
26,eogborno3@disqus.com,"701-456-1694",Account Coordinator,2016-06-10,1,Evelin Ogborn,Married,"5193 Anhalt Lane",Grand Forks,North Dakota,Midwest,0
40,efaichney2i@examiner.com,"415-113-3835",Health Coach I,2016-04-13,1,Evelina Faichney,Single,"216 Macpherson Junction",San Francisco,California,West,0
32,eruusalk@phoca.cz,"609-341-6101",Internal Auditor,2017-08-20,1,Evelina Ruusa,Married,"346 Jay Street",Trenton,New Jersey,Northeast,0
33,ewitherspoonpm@lulu.com,"619-743-2850",Professor,2017-09-23,1,Ewan Witherspoon,Single,"34851 Green Street",San Diego,California,West,0
34,estockau5y@timesonline.co.uk,"212-259-8001",Software Engineer II,2015-07-14,1,Ezmeralda Stockau,Single,"798 Cardinal Alley",Jamaica,New York,Northeast,0
45,fstapford6b@lycos.com,"651-474-7117",Environmental Tech,2015-03-04,1,Fabien Stapford,Married,"68050 Buhler Trail",Minneapolis,Minnesota,Midwest,0
50,fmaccurlyefg@wikia.com,"916-289-4374",Civil Engineer,2022-03-28,1,Fairlie Maccurlye,Single,"50109 Heffernan Crossing",Sacramento,California,West,0
20,fbeuscherea@google.ca,"219-671-4242",Programmer Analyst II,2022-04-11,1,Faith Beuscher,Divorced,"86 Hansons Hill",Gary,Indiana,Midwest,0
20,ffairclothce@examiner.com,"520-312-6096",Physical Therapy Assistant,2018-09-29,1,Faith Faircloth,Married,"30 Truax Point",Tucson,Arizona,West,0
54,fgattyl6@shareasale.com,"361-419-6542",Senior Sales Associate,2012-11-25,1,Fanchette Gatty,Married,"744 Delladonna Place",Corpus Christi,Texas,South,0
41,fdowthwaite9j@behance.net,"805-774-6860",Research Assistant IV,2016-10-11,1,Fancy Dowthwaite,Married,"9 Fulton Street",San Luis Obispo,California,West,0
25,fmcgarveyia@hhs.gov,"909-233-1889",Administrative Officer,2021-05-18,1,Fancy Mcgarvey,Married,"568 David Circle",San Bernardino,California,West,0
34,fpetroufy@netlog.com,"760-817-5204",Chemical Engineer,2021-07-12,1,Fara Petrou,Married,"7350 Sycamore Road",Escondido,California,West,0
53,fbrownscombedw@biglobe.ne.jp,"719-952-2304",Developer II,2021-06-20,1,Farra Brownscombe,Married,"39543 Everett Way",Colorado Springs,Colorado,West,0
54,fauchterlonieiq@quantcast.com,"573-155-5480",Librarian,2014-04-30,1,Farrand Auchterlonie,Married,"98 Farwell Place",Jefferson City,Missouri,Midwest,0
31,fwitherspoonks@mapquest.com,"415-380-4594",Dental Hygienist,2012-10-20,1,Farrell Witherspoon,Single,"62 Hollow Ridge Point",San Francisco,California,West,0
59,fgorvinmc@google.ru,"202-853-3498",Health Coach II,2022-03-06,1,Fayre Gorvin,Single,"33 Straubel Park",Washington,District of Columbia,South,0
41,floffille0@chicagotribune.com,"412-255-4749",Recruiter,2016-10-19,1,Felicle Loffill,Single,"148 Reindahl Circle",Pittsburgh,Pennsylvania,Northeast,0
29,fbunchgw@furl.net,"801-975-7819",Web Designer II,2020-07-11,1,Felipe Bunch,Married,"85840 Ohio Point",Salt Lake City,Utah,West,0
27,fmcilhonebu@studiopress.com,"505-452-2150",Sales Associate,2021-07-31,1,Felita Mcilhone,Married,"6635 Nobel Pass",Albuquerque,New Mexico,West,0
64,fguppie3h@usnews.com,"281-430-6483",Quality Control Specialist,2021-06-23,1,Feodora Guppie,Single,"06938 Hovde Park",Houston,Texas,South,0
52,fkloss9@godaddy.com,"808-177-0318",Chemical Engineer,2014-11-05,1,Fey Kloss,Married,"8976 Jackson Park",Honolulu,Hawaii,West,0
34,fchittimit@answers.com,"734-167-2840",Research Associate,2019-03-21,1,Fidelia Chittim,Married,"63 Gina Lane",Ann Arbor,Michigan,Midwest,0
37,fdalman7a@dailymotion.com,"214-761-5800",Internal Auditor,2019-02-17,1,Filberto Dalman,Single,"288 Meadow Valley Parkway",Dallas,Texas,South,0
23,fbaileskp@oakley.com,"727-288-5718",Senior Sales Associate,2021-11-20,1,Filippo Bailes,Married,"1551 Meadow Valley Drive",Clearwater,Florida,South,0
48,fmandelgu@epa.gov,"818-109-1846",Senior Sales Associate,2019-11-04,1,Filippo Mandel,Single,"21 Warner Circle",Burbank,California,West,0
50,fbrightlingcp@t.co,"305-909-9983",Physical Therapy Assistant,2019-01-27,1,Fina Brightling,Single,"92633 Raven Street",Naples,Florida,South,0
48,fdurninow@chron.com,"805-857-9342",Director of Sales,2019-02-07,1,Fionnula Durnin,Separated,"1161 Fieldstone Parkway",Ventura,California,West,0
60,fcrowhurst5e@google.com.br,"413-635-3004",Programmer Analyst II,2019-03-19,1,Fiorenze Crowhurst,Married,"731 Susan Crossing",Springfield,Massachusetts,Northeast,0
39,fkinvanh6@woothemes.com,"334-142-8312",Dental Hygienist,2016-10-29,1,Fleming Kinvan,Single,"4 Washington Center",Birmingham,Alabama,South,0
53,fcreminshz@phoca.cz,"434-753-9207",Administrative Officer,2016-10-01,1,Flinn Cremins,Married,"659 Dorton Parkway",Charlottesville,Virginia,South,0
18,fsparkwellj0@independent.co.uk,"417-127-8490",Human Resources Assistant II,2017-08-12,1,Flint Sparkwell,Single,"7 Westridge Terrace",Springfield,Missouri,Midwest,0
31,ffrankenia@nps.gov,"334-501-5819",Quality Engineer,2015-12-11,1,Florella Franken,Single,"4 Northridge Parkway",Montgomery,Alabama,South,0
32,fivankov2i@etsy.com,"704-780-3973",Social Worker,2016-11-16,1,Florentia Ivankov,Married,"0632 Kedzie Pass",Charlotte,North Carolina,South,0
61,fvitall2d@cisco.com,"951-880-3547",Environmental Specialist,2021-03-12,1,Florentia Vitall,Married,"51 Larry Crossing",Corona,California,West,0
40,fwenningtonoz@imageshack.us,"937-293-1225",Senior Editor,2020-12-29,1,Floria Wennington,Married,"42 David Pass",Dayton,Ohio,Midwest,0
25,fleathes5m@comcast.net,"808-489-4063",Pharmacist,2016-06-27,1,Ford Leathes,Single,"880 High Crossing Circle",Honolulu,Hawaii,West,0
34,fstilgoedd@elegantthemes.com,"785-247-4323",Database Administrator III,2020-06-18,1,Forest Stilgoe,Single,"081 Dixon Hill",Topeka,Kansas,Midwest,0
35,fboatne@shinystat.com,"920-191-8958",Assistant Manager,2018-04-25,1,Franchot Boat,Single,"56 Upham Drive",Green Bay,Wisconsin,Midwest,0
31,fpiserkc@tamu.edu,,Marketing Manager,2012-08-04,1,Francisco Piser,Married,"0 Northport Center",Alexandria,Virginia,South,0
54,fmarchbankbx@huffingtonpost.com,"281-888-5726",Quality Engineer,2012-11-27,1,Franciskus Marchbank,Single,"6 Pennsylvania Avenue",Houston,Texas,South,0
54,fallsup25@multiply.com,"386-663-4023",Account Coordinator,2021-06-24,1,Frank Allsup,Single,"4 Anderson Park",Daytona Beach,Florida,South,0
42,fbeasley4f@oakley.com,"724-858-7749",Senior Financial Analyst,2020-03-26,1,Frank Beasley,Single,"5 5th Court",New Castle,Pennsylvania,Northeast,0
55,folagenk4@seesaa.net,"757-319-9896",Web Designer IV,2012-06-27,1,Frants O'lagen,Single,"44183 Macpherson Lane",Virginia Beach,Virginia,South,0
54,ffaughnyhp@eventbrite.com,"678-982-8963",Research Nurse,2022-04-08,1,Frasquito Faughny,Divorced,"68956 Judy Alley",Decatur,Georgia,South,0
36,frasherc6@harvard.edu,"203-128-1286",Community Outreach Specialist,2017-11-21,1,Fredek Rasher,Single,"46797 Scoville Circle",Norwalk,Connecticut,Northeast,0
36,fgaytonlv@usa.gov,"850-560-4296",Sales Representative,2016-12-25,1,Fredelia Gayton,Married,"02696 Mendota Circle",Pinellas Park,Florida,South,0
31,fwhittergs@illinois.edu,"571-572-8700",Compensation Analyst,2016-03-05,1,Frederigo Whitter,Single,"149 Cordelia Terrace",Sterling,Virginia,South,0
53,fpeckett48@bandcamp.com,"405-853-0830",Executive Secretary,2015-09-19,1,Freeland Peckett,Separated,"00078 Shopko Parkway",Oklahoma City,Oklahoma,South,0
50,ftreweek7y@geocities.jp,"520-810-4962",Physical Therapy Assistant,2012-02-13,1,Friedrick Treweek,Divorced,"48 Melvin Crossing",Tucson,Arizona,West,0
58,fblyb@howstuffworks.com,"619-404-3576",Assistant Professor,2021-02-02,1,Fulton Bly,Married,"52221 Susan Trail",San Diego,California,West,0
18,gfiles6m@about.me,"318-602-2326",Assistant Manager,2020-01-03,1,Gabbie Files,Single,"55257 Fuller Lane",Shreveport,Louisiana,South,0
33,gattewill0@amazonaws.com,"309-381-4395",Software Engineer I,2017-04-18,1,Gabby Attewill,Married,"15 Anzinger Court",Carol Stream,Illinois,Midwest,0
47,galdersleygi@webnode.com,"214-971-4636",VP Accounting,2018-06-09,1,Gabi Aldersley,Single,"729 Merchant Junction",Dallas,Texas,South,0
19,gautry2r@ustream.tv,"313-400-0759",Chief Design Engineer,2021-05-23,1,Gabriella Autry,Single,"8946 Gerald Parkway",Detroit,Michigan,Midwest,0
67,gvilliersl7@bandcamp.com,"609-567-3769",,1921-05-22,1,Gabrila Villiers,Married,"16575 Northland Point",Trenton,New Jersey,Northeast,1
37,ghaskinsl7@canalblog.com,"702-717-5486",Senior Financial Analyst,1914-09-02,1,Gaby Haskins,Single,"293 Pleasure Plaza",Las Vegas,Nevada,West,1
26,gcutlerf2@auda.org.au,,Community Outreach Specialist,2019-11-27,1,Gail Cutler,Married,"242 Homewood Junction",Pittsburgh,Pennsylvania,Northeast,0
64,gpllu6u@timesonline.co.uk,"915-692-9651",Environmental Specialist,2016-03-29,1,Gail Pllu,Single,"57 East Drive",El Paso,Texas,South,0
37,gpencotr3@a8.net,"713-962-5300",Human Resources Assistant II,2017-11-14,1,Galvan Pencot,Single,"35 Reinke Parkway",Houston,Texas,South,0
25,gcastelowni@free.fr,"337-882-5858",Data Coordiator,2016-01-27,1,Garald Castelow,Married,"405 Nobel Street",Lafayette,Louisiana,South,0
61,gantoshin6n@youku.com,"952-165-1735",Account Representative IV,2015-01-27,1,Garey Antoshin,Separated,"374 Canary Alley",Young America,Minnesota,Midwest,0
37,gbaggalley9h@google.com.br,"317-465-4695",Social Worker,2012-02-16,1,Garfield Baggalley,Separated,"0131 Tony Way",Indianapolis,Indiana,Midwest,0
64,goehme3w@whitehouse.gov,"321-625-2898",Programmer III,2021-07-20,1,Garrett Oehme,Married,"9077 4th Hill",Orlando,Florida,South,0
66,greglar4r@answers.com,"214-314-5437",Safety Technician I,2015-11-22,1,Garrick Reglar,Separated,"6 Dottie Drive",Dallas,Texas,South,0
66,greglar4r@answers.com,"214-314-5437",Safety Technician I,2015-11-22,1,Garrick Reglar,Single,"6 Dottie Drive",Dallas,Texas,South,0
48,gmaestrinir@addthis.com,"716-896-8482",Financial Analyst,2018-04-24,1,Garrik Maestrini,Single,"8042 Continental Point",Buffalo,New York,Northeast,0
48,ggrahamslaw25@sbwire.com,"530-160-7589",Budget/Accounting Analyst IV,2017-07-31,1,Garv Grahamslaw,Divorced,"119 Trailsway Street",Sacramento,California,West,0
39,gmingey3q@washingtonpost.com,"915-231-1823",Geological Engineer,2021-05-26,1,Garvey Mingey,Married,"715 Waxwing Junction",El Paso,Texas,South,0
27,gmacconnell78@themeforest.net,"704-648-4516",Assistant Professor,2013-12-19,1,Garvin Macconnell,Divorced,"1343 Grim Way",Charlotte,North Carolina,South,0
49,ggoltcy@techcrunch.com,"256-371-1233",Biostatistician IV,2017-01-04,1,Gary Golt,Single,"3405 Hudson Center",Huntsville,Alabama,South,0
68,gpedlowbe@cdbaby.com,"559-707-8067",Senior Sales Associate,2021-12-31,1,Gary Pedlow,Divorced,"35056 Welch Avenue",Fresno,California,West,0
59,ggrzegoreckirl@boston.com,"210-374-5838",Help Desk Operator,2018-06-08,1,Gasper Grzegorecki,Single,"887 Grayhawk Circle",San Antonio,Texas,South,0
62,ghaldenrn@bigcartel.com,"571-930-5137",Accountant II,2015-08-04,1,Gasper Halden,Separated,"406 Shelley Lane",Ashburn,Virginia,South,0
62,glinnettcg@printfriendly.com,"302-306-5101",Sales Representative,2018-02-06,1,Gates Linnett,Single,"430 Hoard Circle",Newark,Delaware,South,0
23,gcorradengod2@sun.com,"314-911-7834",Dental Hygienist,2022-01-05,1,Gawen Corradengo,Married,"910 Anhalt Drive",Saint Louis,Missouri,Midwest,0
38,gfeltoebf@fc2.com,"918-643-1912",Tax Accountant,2017-05-28,1,Gay Feltoe,Divorced,"15752 Monica Drive",Tulsa,Oklahoma,South,0
61,gjaffreypb@hatena.ne.jp,"213-603-4464",Human Resources Assistant II,1915-10-27,1,Gayel Jaffrey,Single,"68 Anhalt Street",Los Angeles,California,West,1
54,gbettesonoi@ameblo.jp,"850-785-7028",Cost Accountant,2022-06-01,1,Gaylene Betteson,Single,"2 Fallview Court",Tallahassee,Florida,South,0
35,gkenney3e@google.fr,"712-869-3094",Technical Writer,2019-07-11,1,Gaynor Kenney,Married,"621 Rieder Point",Omaha,Nebraska,Midwest,0
45,gwhitfield1c@ca.gov,"253-304-0914",Speech Pathologist,2017-10-09,1,Gaynor Whitfield,Divorced,"760 Killdeer Avenue",San Juan,Puerto Rico,Other/International,0
35,galelsandrovichd1@theatlantic.com,"805-397-9914",Clinical Specialist,2016-11-09,1,Gene Alelsandrovich,Single,"15 Fairfield Hill",Ventura,California,West,0
38,gbewseyfx@google.com.au,"210-100-7782",Computer Systems Analyst III,2017-06-21,1,Gene Bewsey,Single,"847 Hazelcrest Park",San Antonio,Texas,South,0
43,gchatainiercs@last.fm,"407-637-1355",Biostatistician IV,2018-05-21,1,Geneva Chatainier,Single,"984 Holy Cross Trail",Orlando,Florida,South,0
43,gseekingscy@latimes.com,"361-856-6212",Geologist II,2020-01-10,1,Genna Seekings,Single,"580 Pierstorff Drive",Corpus Christi,Texas,South,0
34,gscarsbrookoo@wiley.com,"480-179-3179",Graphic Designer,2015-11-29,1,Gennifer Scarsbrook,Married,"79 Oak Valley Point",Phoenix,Arizona,West,0
30,gcorrieamp@t.co,"423-494-3610",Paralegal,2012-03-07,1,Geoff Corriea,Married,"322 Crescent Oaks Lane",Chattanooga,Tennessee,South,0
33,goslari3@1688.com,"805-745-7378",Quality Control Specialist,2013-07-20,1,Geoffrey Oslar,Separated,"98 Summer Ridge Circle",Santa Barbara,California,West,0
33,gbouettej@live.com,"361-160-6496",Systems Administrator I,2014-11-19,1,Geoffry Bouette,Married,"53 Knutson Way",Corpus Christi,Texas,South,0
49,gcarne6t@guardian.co.uk,"570-602-2221",Sales Associate,2015-04-12,1,Georgeanne Carne,Married,"13530 International Court",Wilkes Barre,Pennsylvania,Northeast,0
47,gprewettfl@mac.com,"571-157-7766",Paralegal,2015-10-05,1,Georges Prewett,Married,"76 Graedel Road",Alexandria,Virginia,South,0
47,gprewettfl@mac.com,"571-157-7766",Paralegal,2015-10-05,1,Georges Prewett,Single,"76 Graedel Road",Alexandria,Virginia,South,0
60,gpelchath4@oaic.gov.au,"267-401-2975",Human Resources Assistant III,2015-06-04,1,Gerard Pelchat,Married,"8186 Birchwood Parkway",Levittown,Pennsylvania,Northeast,0
36,gmathewms@barnesandnoble.com,"202-380-7049",Recruiter,2018-09-05,1,Gerardo Mathew,Married,"6 Hayes Hill",Washington,District of Columbia,South,0
34,gohickeyc6@tiny.cc,"816-362-7931",Junior Executive,2015-07-13,1,Germana O'hickey,Single,"37 Pierstorff Park",Kansas City,Missouri,Midwest,0
63,gbirdfield5z@mozilla.com,"334-627-2226",Data Coordiator,2017-08-18,1,Gerrie Birdfield,Married,"3504 Ohio Avenue",Montgomery,Alabama,South,0
34,gscadingd0@dedecms.com,"503-777-3481",Senior Financial Analyst,2016-01-21,1,Gerry Scading,Separated,"0719 Utah Junction",Portland,Oregon,West,0
54,goldred2u@eepurl.com,"210-325-9936",Health Coach I,2019-11-16,1,Gifford Oldred,Single,"8440 Algoma Crossing",San Antonio,Texas,South,0
42,ggumby3m@geocities.jp,"254-348-5264",Budget/Accounting Analyst II,2019-07-07,1,Gilbertina Gumby,Married,"81807 Lunder Way",Waco,Texas,South,0
26,gmounfield9e@icq.com,"615-693-5475",Research Assistant II,2016-12-18,1,Gilbertine Mounfield,Single,"5 Buena Vista Road",Nashville,Tennessee,South,0
38,gjanssenle@businessweek.com,"212-118-4908",Structural Analysis Engineer,2018-11-20,1,Gill Janssen,Separated,"39160 Scoville Pass",New York City,New York,Northeast,0
22,grosenthal3e@de.vu,"505-649-3754",Civil Engineer,2021-09-03,1,Gina Rosenthal,Divorced,"370 Clove Plaza",Santa Fe,New Mexico,West,0
52,gharston3y@vimeo.com,"603-845-4359",Financial Advisor,2015-01-27,1,Ginelle Harston,Married,"2 Northfield Plaza",Portsmouth,New Hampshire,Northeast,0
47,grockelljw@yelp.com,"559-360-4431",Automation Specialist III,2019-04-19,1,Ginger Rockell,Divorced,"80 Sutteridge Street",Fresno,California,West,0
65,gbullockbb@theatlantic.com,"330-363-4233",Civil Engineer,2020-03-27,1,Ginny Bullock,Married,"64856 Oneill Place",Canton,Ohio,Midwest,0
26,gridgewellbw@wufoo.com,"937-109-3895",Account Representative II,2019-07-01,1,Giorgio Ridgewell,Single,"83 Springs Point",Dayton,Ohio,Midwest,0
61,gfaithfullnm@mozilla.org,"713-284-0232",,2019-10-08,1,Giovanna Faithfull,Divorced,"45171 Corry Alley",Houston,Texas,South,0
31,gjannequink3@hatena.ne.jp,"405-808-6351",Web Developer IV,2019-10-31,1,Giovanna Jannequin,Single,"49544 Bowman Court",Oklahoma City,Oklahoma,South,0
33,gbettingtonf7@yahoo.com,"717-702-5219",Actuary,2019-11-25,1,Giustina Bettington,Single,"507 Annamark Way",Harrisburg,Pennsylvania,Northeast,0
53,gblinkhornhv@dailymotion.com,"415-684-2778",Mechanical Systems Engineer,2020-08-08,1,Giustina Blinkhorn,Married,"7 Coolidge Alley",San Francisco,California,West,0
51,gadrien7b@ucsd.edu,"704-264-7719",Accountant I,2015-04-12,1,Glen Adrien,Single,"7628 Bobwhite Alley",Charlotte,North Carolina,South,0
63,gpuddephattlu@hubpages.com,"513-650-6266",Information Systems Manager,2019-05-01,1,Glen Puddephatt,Single,"34303 Sauthoff Road",Cincinnati,Ohio,Midwest,0
33,gsilverau@nbcnews.com,"812-983-4679",Technical Writer,2013-01-23,1,Gloriane Silver,Married,"9714 Service Court",Evansville,Indiana,Midwest,0
43,gslaynya0@seesaa.net,"915-768-3949",Database Administrator I,2019-10-15,1,Gloriane Slayny,Divorced,"0 Autumn Leaf Lane",El Paso,Texas,South,0
45,gsteynorqd@mtv.com,"610-550-5052",,2017-09-08,1,Goddart Steynor,Married,"939 Evergreen Park",Philadelphia,Pennsylvania,Northeast,0
26,gmattambf@usa.gov,"754-256-0567",Senior Sales Associate,2019-04-01,1,Godfrey Mattam,Married,"07798 Mcguire Street",Fort Lauderdale,Florida,South,0
19,gyanukc5@arizona.edu,"651-478-6675",GIS Technical Architect,2018-04-10,1,Godfry Yanuk,Married,"1630 Lotheville Plaza",Saint Paul,Minnesota,Midwest,0
45,garchboldlr@arstechnica.com,"212-981-8341",Product Engineer,2021-05-21,1,Gonzalo Archbold,Married,"23 Cody Terrace",New York City,New York,Northeast,0
46,gstensond9@delicious.com,"210-223-5653",Assistant Manager,2021-03-26,1,Gordie Stenson,Married,"8290 Hanover Junction",San Antonio,Texas,South,0
40,gcarlyonh1@e-recht24.de,"865-863-0874",Technical Writer,2020-10-01,1,Gordon Carlyon,Single,"0505 Hansons Drive",Knoxville,Tennessee,South,0
43,gdorritydr@sun.com,"520-495-7292",Sales Associate,2016-07-18,1,Grace Dorrity,Separated,"1338 Springs Avenue",Tucson,Arizona,West,0
40,gcathrobn@unesco.org,"361-723-2400",Help Desk Operator,2017-11-06,1,Gradey Cathro,Single,"3520 Schiller Hill",Corpus Christi,Texas,South,0
29,gpaulitschkeaq@ustream.tv,"860-472-7819",,2016-08-07,1,Gradey Paulitschke,Divorced,"37412 Banding Circle",Hartford,Connecticut,Northeast,0
63,gsnodin51@dedecms.com,"646-122-2872",Librarian,2018-03-16,1,Graeme Snodin,Divorced,"687 Blue Bill Park Parkway",New York City,New York,Northeast,0
47,ghaxella2@zimbio.com,"713-500-7833",Systems Administrator II,2018-10-31,1,Grange Haxell,Married,"757 Laurel Park",Houston,Texas,South,0
26,grecordhd@vistaprint.com,"202-249-9004",Environmental Specialist,2022-06-06,1,Grantham Record,Married,"3923 Schmedeman Road",Washington,District of Columbia,South,0
49,gbachuraq2@paypal.com,"804-704-4264",Occupational Therapist,2015-02-02,1,Grantley Bachura,Married,"1843 Sutherland Plaza",Richmond,Virginia,South,0
59,gclampton63@berkeley.edu,"478-688-1317",Sales Associate,2018-06-11,1,Grantley Clampton,Single,"53 Caliangt Lane",Macon,Georgia,South,0
66,gwimpennyq2@prlog.org,"843-650-1409",Health Coach I,2017-11-03,1,Grata Wimpenny,Single,"611 Anzinger Road",Myrtle Beach,South Carolina,South,0
30,galenovnn@woothemes.com,"512-430-5416",Associate Professor,2020-02-24,1,Gregoire Alenov,Divorced,"03 Marquette Center",Austin,Texas,South,0
40,gyureninlg@devhub.com,"415-808-3379",Media Manager III,2017-03-10,1,Gregorio Yurenin,Single,"6762 Donald Terrace",San Francisco,California,West,0
53,gverdonnt@dell.com,"336-435-2858",Quality Engineer,2018-04-13,1,Gregorius Verdon,Married,"350 La Follette Avenue",High Point,North Carolina,South,0
45,gmorrowehc@businessweek.com,"702-279-3524",Research Associate,2019-01-11,1,Gretta Morrowe,Divorced,"2572 Morningstar Parkway",Las Vegas,Nevada,West,0
32,gspadaro66@dmoz.org,"801-746-6348",Food Chemist,2020-12-26,1,Gretta Spadaro,Single,"93 Division Circle",Salt Lake City,Utah,West,0
28,gshurrocks44@123-reg.co.uk,"702-572-9161",Occupational Therapist,2016-06-10,1,Griff Shurrocks,Married,"2 Monica Junction",Las Vegas,Nevada,West,0
47,gzimeki9@phpbb.com,"317-768-7935",Senior Sales Associate,2019-01-16,1,Griffin Zimek,Single,"35 Spohn Terrace",Indianapolis,Indiana,Midwest,0
36,gcattrellbv@dropbox.com,"828-185-8057",Human Resources Assistant III,2020-01-29,1,Griswold Cattrell,Divorced,"6994 Katie Parkway",Asheville,North Carolina,South,0
38,grizzello6v@pen.io,"757-136-4501",Assistant Manager,2017-12-15,1,Griz Rizzello,Married,"08560 Arkansas Junction",Norfolk,Virginia,South,0
63,gcohan3n@posterous.com,"917-756-0890",Data Coordiator,2017-09-16,1,Gualterio Cohan,Married,"4 Bluestem Hill",Brooklyn,New York,Northeast,0
28,gsheddengx@jugem.jp,"303-245-7955",Payment Adjustment Coordinator,2014-07-07,1,Guido Shedden,Single,"06 Columbus Crossing",Denver,Colorado,West,0
36,gaxfordiv@live.com,"317-574-4806",Safety Technician IV,2017-08-15,1,Guillemette Axford,Divorced,"8 Mendota Way",Indianapolis,Indiana,Midwest,0
43,gschorah55@taobao.com,"239-363-7539",Programmer III,2019-07-23,1,Guinevere Schorah,Married,"3 Dwight Circle",Fort Myers,Florida,South,0
58,ginstondn@jugem.jp,"602-656-5007",Financial Analyst,2022-02-07,1,Gunilla Inston,Married,"9 Carioca Plaza",Phoenix,Arizona,West,0
27,gchatanbe@paypal.com,"202-403-9098",Assistant Manager,2019-11-26,1,Guthrie Chatan,Married,"466 Fairview Street",Washington,District of Columbia,South,0
62,grosetqh@ucoz.ru,"703-663-5310",Research Associate,2019-11-21,1,Guy Roset,Married,"6248 Maple Lane",Reston,Virginia,South,0
35,genterleiniu@google.it,"914-713-7376",Information Systems Manager,2016-04-18,1,Gwen Enterlein,Divorced,"5654 Farmco Alley",Mount Vernon,New York,Northeast,0
65,gcoopey61@macromedia.com,"901-231-3067",Structural Analysis Engineer,2020-05-09,1,Gwendolin Coopey,Divorced,"34 Washington Lane",Memphis,Tennessee,South,0
61,grosengartenk7@studiopress.com,"216-489-5545",GIS Technical Architect,2016-09-04,1,Gwendolyn Rosengarten,Married,"86368 Green Hill",Cleveland,Ohio,Midwest,0
46,heyckelbeckqn@walmart.com,"408-479-2136",Administrative Officer,2017-07-08,1,Had Eyckelbeck,Single,"5793 Esch Pass",San Jose,California,West,0
40,hambrodid6@geocities.com,"702-278-2885",Help Desk Technician,2016-06-29,1,Hadleigh Ambrodi,Single,"647 Butternut Point",Las Vegas,Nevada,West,0
37,habbatuccio9@sina.com.cn,"678-293-3817",Professor,2017-05-31,1,Hale Abbatucci,Single,"374 Homewood Junction",Atlanta,Georgia,South,0
41,hcotherillea@bloglines.com,"202-120-8958",Media Manager III,2016-11-28,1,Halette Cotherill,Single,"8686 Mockingbird Park",Washington,District of Columbia,South,0
27,hbremleyf9@icq.com,"410-363-7976",Senior Sales Associate,2021-07-05,1,Halsey Bremley,Married,"77195 Forster Terrace",Baltimore,Maryland,South,0
35,hburdis4h@economist.com,"217-191-7190",Civil Engineer,2015-02-01,1,Hamnet Burdis,Separated,"3 Mesta Drive",Springfield,Illinois,Midwest,0
39,hstrawbridgeq7@nhs.uk,"806-283-9803",Analyst Programmer,2021-03-16,1,Hanan Strawbridge,Married,"6358 Marquette Crossing",Lubbock,Texas,South,0
25,hmathiot5l@woothemes.com,"415-487-0244",Recruiting Manager,2013-11-01,1,Hannis Mathiot,Single,"3182 International Junction",San Francisco,California,West,0
45,hpatington8l@yellowpages.com,"432-256-3441",Staff Scientist,2022-02-05,1,Hans Patington,Married,"4315 Warner Place",Midland,Texas,South,0
45,hdmitrievr5@google.co.uk,"713-298-1151",Occupational Therapist,2019-09-09,1,Hansiain Dmitriev,Married,"2 Main Park",Houston,Texas,South,0
31,hnormandmo@latimes.com,"937-658-2726",Environmental Tech,2018-05-18,1,Happy Normand,Married,"222 Warrior Crossing",Dayton,Ohio,Midwest,0
52,hhardaway9z@apple.com,"850-674-8749",Analog Circuit Design manager,2013-06-01,1,Harald Hardaway,Married,"61 Bartelt Junction",Pensacola,Florida,South,0
37,hgreimgf@issuu.com,"682-308-2885",Quality Control Specialist,2018-08-02,1,Harbert Greim,Single,"24686 Crownhardt Park",Fort Worth,Texas,South,0
47,hpennacci8s@eepurl.com,"801-783-3814",Tax Accountant,2015-07-12,1,Harcourt Pennacci,Divorced,"925 Loftsgordon Junction",Salt Lake City,Utah,West,0
45,hygoel@smh.com.au,"256-488-5757",Desktop Support Technician,2017-11-01,1,Haroun Ygoe,Single,"281 Bonner Alley",Huntsville,Alabama,South,0
48,hposerr1@nps.gov,"754-253-1339",Mechanical Systems Engineer,2016-04-04,1,Harri Poser,Divorced,"036 Annamark Terrace",Pompano Beach,Florida,South,0
32,hbadsworthoj@woothemes.com,"478-876-3465",Staff Accountant III,2015-03-27,1,Harriot Badsworth,Divorced,"19668 Glendale Center",Macon,Georgia,South,0
63,hhenkencq@apache.org,"267-474-1562",Occupational Therapist,2015-08-23,1,Harrison Henken,Married,"69974 Kings Hill",Philadelphia,Pennsylvania,Northeast,0
27,hburrel41@wufoo.com,"251-863-3944",Civil Engineer,2017-12-19,1,Hartley Burrel,Single,"977 Northport Plaza",Mobile,Alabama,South,0
33,hchamp18@so-net.ne.jp,"210-444-4874",Help Desk Operator,2022-03-09,1,Hartwell Champ,Separated,"0 Dottie Drive",San Antonio,Texas,South,0
65,hdemh@etsy.com,"816-649-4067",Librarian,2016-01-17,1,Harv De Copeman,Single,"7 Miller Circle",Lees Summit,Missouri,Midwest,0
56,hlanglaisfc@gizmodo.com,"212-428-7091",Senior Cost Accountant,2015-09-05,1,Harwilll Langlais,Single,"463 Dwight Road",Jamaica,New York,Northeast,0
32,hbradenri@freewebs.com,"510-963-9848",Dental Hygienist,2015-11-04,1,Haskell Braden,Divorced,"35005 Waubesa Crossing",Berkeley,California,West,0
322,hbradenri@freewebs.com,"510-963-9848",Dental Hygienist,2015-11-04,1,Haskell Braden,Divorced,"35005 Waubesa Crossing",Berkeley,California,West,1
36,hsugarsi3@mail.ru,"413-101-7755",Cost Accountant,2015-05-27,1,Haskell Sugars,Single,"87 Spaight Alley",Springfield,Massachusetts,Northeast,0
38,htennet1l@tamu.edu,"605-803-0033",Information Systems Manager,2016-10-17,1,Haslett Tennet,Separated,"297 Kingsford Road",Sioux Falls,South Dakota,Midwest,0
62,hwayte4k@weebly.com,"904-379-7094",Statistician IV,2020-05-19,1,Hayden Wayte,Married,"1 Hermina Circle",Jacksonville,Florida,South,0
19,hadkinsj9@bravesites.com,"515-775-4964",General Manager,2021-10-22,1,Haywood Adkins,Single,"0615 Aberg Place",Des Moines,Iowa,Midwest,0
46,htenaunt4n@who.int,"209-905-3102",Statistician IV,2014-11-22,1,Hayyim Tenaunt,Married,"614 Almo Plaza",Fresno,California,West,0
34,hwestleyrb@independent.co.uk,"716-370-0789",Research Nurse,2016-11-19,1,Hayyim Westley,Separated,"087 Scofield Street",Buffalo,New York,Northeast,0
22,hboickdm@icq.com,"973-129-3171",Payment Adjustment Coordinator,2018-10-19,1,Heath Boick,Single,"2 Sunbrook Center",Newark,New Jersey,Northeast,0
51,hraymentml@hostgator.com,"830-178-6718",Environmental Specialist,2021-11-06,1,Heather Rayment,Single,"4 Arapahoe Court",San Antonio,Texas,South,0
37,hcatterillfj@slashdot.org,"864-999-8415",Dental Hygienist,2019-04-29,1,Heda Catterill,Divorced,"74 Hauk Park",Greenville,South Carolina,South,0
32,hrigglesfordl2@xinhuanet.com,"515-921-7701",Geologist II,2018-10-10,1,Hedi Rigglesford,Single,"9 Mariners Cove Place",Des Moines,Iowa,Midwest,0
37,hgrzeskowskii7@whitehouse.gov,"720-675-4696",Senior Cost Accountant,2019-10-05,1,Hedwig Grzeskowski,Married,"54 Sunnyside Road",Denver,Colorado,West,0
19,hheatlyra@oracle.com,"816-832-7558",Media Manager III,2015-06-10,1,Hedwiga Heatly,Married,"2245 Park Meadow Circle",Kansas City,Missouri,Midwest,0
52,hruppeliob@cnn.com,"772-234-6134",Sales Representative,2021-07-20,1,Helen Ruppeli,Married,"5677 Ridgeway Trail",Vero Beach,Florida,South,0
55,heastope7s@archive.org,"412-835-1723",Environmental Tech,2014-10-12,1,Helga Eastope,Single,"2122 Colorado Pass",Pittsburgh,Pennsylvania,Northeast,0
44,hfaunch2o@twitter.com,"303-262-3499",Internal Auditor,2016-10-24,1,Henri Faunch,Divorced,"38 Red Cloud Street",Denver,Colorado,West,0
26,hplowell55@ebay.co.uk,"315-215-9013",Operator,2013-06-04,1,Herbert Plowell,Married,"89 Mallard Parkway",Syracuse,New York,Northeast,0
43,halvarojd@amazon.com,"336-306-0314",Payment Adjustment Coordinator,2021-10-25,1,Hermann Alvaro,Single,"139 Westend Trail",Greensboro,North Carolina,South,0
39,hrudeforthhh@slate.com,"310-478-8987",Assistant Manager,2021-11-04,1,Hermia Rudeforth,Separated,"2767 Oak Valley Parkway",Long Beach,California,West,0
46,hjesteh9@wikipedia.org,"717-946-3374",Quality Control Specialist,2021-07-01,1,Hersh Jeste,Divorced,"7 Brentwood Crossing",York,Pennsylvania,Northeast,0
19,hryles7i@washington.edu,"469-309-5146",Software Engineer I,2021-02-18,1,Hersh Ryles,Divorced,"4 Fisk Court",Dallas,Texas,South,0
34,headonp6@umn.edu,"808-715-1063",Design Engineer,2016-04-21,1,Hershel Eadon,Divorced,"10866 Sunfield Crossing",Honolulu,Hawaii,West,0
34,hfrostdickhu@ucsd.edu,"317-370-5096",Engineer I,2020-12-10,1,Hershel Frostdick,Single,"46436 8th Parkway",Indianapolis,Indiana,Midwest,0
29,hdivinel8@moonfruit.com,"859-338-9431",Senior Financial Analyst,2019-09-02,1,Herve Divine,Single,"5 Elmside Parkway",Lexington,Kentucky,South,0
49,hvercruysse8g@spotify.com,"806-872-5596",Design Engineer,2019-02-18,1,Hester Vercruysse,Married,"7586 Eliot Alley",Amarillo,Texas,South,0
32,hkingsnoad34@example.com,"412-525-5483",Marketing Assistant,2018-06-04,1,Hettie Kingsnoad,Married,"78 Loomis Street",Pittsburgh,Pennsylvania,Northeast,0
37,hbondleyhk@house.gov,"508-512-8941",Web Developer II,2014-06-14,1,Hewe Bondley,Married,"44608 Vera Pass",Worcester,Massachusetts,Northeast,0
53,hwoodwinoh@webs.com,"571-832-1051",Senior Sales Associate,2013-01-20,1,Hilarius Woodwin,Married,"04596 Hanson Lane",Alexandria,Virginia,South,0
22,hvone2@symantec.com,"601-743-4686",VP Marketing,2019-02-19,1,Hilary Von Helmholtz,,"220 Waubesa Lane",Jackson,Mississippi,South,0
57,hglavesgc@gizmodo.com,"253-910-1247",Payment Adjustment Coordinator,2022-03-10,1,Hildegaard Glaves,Single,"056 8th Junction",Tacoma,Washington,West,0
45,hdrakefordjq@samsung.com,"323-670-9828",Food Chemist,2016-09-22,1,Hillel Drakeford,Married,"06576 Bluejay Park",Long Beach,California,West,0
55,hjochananyla@nba.com,"914-239-8262",Web Developer I,2021-01-25,1,Hillery Jochanany,Married,"57 Rigney Terrace",Bronx,New York,Northeast,0
33,hpettegree2b@disqus.com,"971-106-5628",Food Chemist,2014-04-02,1,Hillyer Pettegree,Married,"74225 Lyons Center",Portland,Oregon,West,0
25,hbessom89@livejournal.com,"901-567-9450",Software Engineer III,2017-12-05,1,Hilton Bessom,Separated,"9515 Washington Plaza",Memphis,Tennessee,South,0
46,hgwynneod@cafepress.com,"901-568-9545",Senior Quality Engineer,1916-05-11,1,Hobey Gwynne,Single,"30 Rockefeller Lane",Memphis,Tennessee,South,1
28,hsheahanq6@npr.org,"804-331-4871",Teacher,2019-08-10,1,Holden Sheahan,Single,"8582 Roxbury Street",Richmond,Virginia,South,0
25,hbotwood78@squarespace.com,"304-692-9969",Geologist IV,2019-01-14,1,Hollis Botwood,Divorced,"82893 Messerschmidt Park",Huntington,West Virginia,South,0
55,hfilipczak7n@hexun.com,"337-425-7264",Engineer IV,2012-04-03,1,Holly Filipczak,Single,"9265 Northfield Alley",Lafayette,Louisiana,South,0
26,hlisetti0@guardian.co.uk,"713-527-3068",Operator,2016-09-15,1,Holly Lisett,Married,"2 Corscot Park",Houston,Texas,South,0
47,hpeasnoneg@indiegogo.com,"405-571-6677",Quality Control Specialist,2019-06-10,1,Horten Peasnone,Separated,"7 Hansons Trail",Oklahoma City,Oklahoma,South,0
32,hgonnelf8@over-blog.com,"813-722-7452",Chemical Engineer,2018-08-01,1,Howie Gonnel,Single,"17 Corben Point",Clearwater,Florida,South,0
40,harmstrong9c@dmoz.org,"915-289-7649",Physical Therapy Assistant,2015-02-17,1,Hoyt Armstrong,Divorced,"24406 Aberg Place",El Paso,Texas,South,0
53,hlymann5@example.com,"571-768-6980",Sales Representative,2016-09-13,1,Huberto Lyman,Divorced,"28939 Hayes Parkway",Falls Church,Virginia,South,0
24,hchaddertonef@goo.ne.jp,"508-812-4769",Senior Sales Associate,2016-09-25,1,Hubie Chadderton,Married,"156 Scott Point",Brockton,Massachusetts,Northeast,0
65,hnoddings97@sitemeter.com,"210-707-8495",Occupational Therapist,2020-01-09,1,Humfrid Noddings,Single,"003 Almo Lane",San Antonio,Texas,South,0
26,hcurteis3g@shutterfly.com,"919-694-2284",Pharmacist,2015-10-04,1,Huntlee Curteis,Married,"24 Hauk Parkway",Durham,North Carolina,South,0
53,habthorpeqp@creativecommons.org,"203-547-5101",,2017-11-28,1,Hurley Abthorpe,Married,"6572 Macpherson Court",Hartford,Connecticut,Northeast,0
43,hbeethamki@google.pl,"405-657-5839",Nurse,2014-03-15,1,Hurley Beetham,Married,"34 Pankratz Way",Oklahoma City,Oklahoma,South,0
42,iespineb5@state.gov,"203-879-9724",Internal Auditor,2021-12-10,1,Ibrahim Espine,Married,"5 Portage Hill",Danbury,Connecticut,Northeast,0
45,inaccipn@facebook.com,"703-736-8430",Quality Engineer,2012-08-01,1,Idalia Nacci,Married,"05874 Old Shore Terrace",Alexandria,Virginia,South,0
45,ilightbournenr@pinterest.com,"209-901-4935",Research Assistant I,2014-02-18,1,Idaline Lightbourne,Single,"4 Everett Plaza",Stockton,California,West,0
43,igoodissonp7@icio.us,"917-923-8202",Structural Analysis Engineer,2017-05-03,1,Ilene Goodisson,Single,"3 Dryden Drive",New York City,New York,Northeast,0
47,ibinden52@eepurl.com,"310-243-1689",Senior Cost Accountant,2016-09-30,1,Illa Binden,Married,"5666 Carpenter Circle",Torrance,California,West,0
57,ifairbrotherhx@vistaprint.com,"805-347-1685",Programmer Analyst IV,2018-10-18,1,Ilsa Fairbrother,Single,"9 Carpenter Road",Santa Barbara,California,West,0
30,ialthrop7z@edublogs.org,"915-632-6128",Design Engineer,2021-01-18,1,Ilysa Althrop,Divorced,"96 Westport Junction",El Paso,Texas,South,0
26,iritmeyerpy@discovery.com,"843-243-0527",Quality Control Specialist,2017-02-15,1,Ilysa Ritmeyer,Single,"01921 Quincy Drive",Charleston,South Carolina,South,0
52,iheeleyl0@deviantart.com,"484-332-6118",Administrative Assistant III,2015-11-29,1,Ilyse Heeley,Single,"5 Susan Place",Reading,Pennsylvania,Northeast,0
34,izeplinfi@ustream.tv,"305-773-0999",Human Resources Assistant III,2017-06-26,1,Ilyssa Zeplin,Married,"911 Melvin Crossing",Miami,Florida,South,0
58,ipountneyg7@drupal.org,"206-136-9059",Senior Quality Engineer,2017-10-02,1,Indira Pountney,Single,"04 Sundown Center",Seattle,Washington,West,0
50,imcilvaneylj@icio.us,"850-803-7693",Developer IV,2012-06-23,1,Ines Mcilvaney,Married,"3738 Schiller Crossing",Tallahassee,Florida,South,0
39,iwaindel@ovh.net,"810-644-7350",Account Executive,2020-10-25,1,Ingaborg Waind,Single,"38 Johnson Junction",Flint,Michigan,Midwest,0
53,ioldmanac@whitehouse.gov,"215-742-9299",Research Assistant IV,2018-09-27,1,Ingelbert Oldman,Divorced,"876 Artisan Point",Philadelphia,Pennsylvania,Northeast,0
35,itizzardaa@tumblr.com,"330-820-6395",Junior Executive,2019-05-28,1,Ingemar Tizzard,Married,"765 Annamark Circle",Akron,Ohio,Midwest,0
24,ismetounqi@prnewswire.com,"918-737-8847",Cost Accountant,2020-08-21,1,Ingrim Smetoun,Single,"0186 Redwing Point",Tulsa,Oklahoma,South,0
60,ipautote4@homestead.com,"904-712-7995",Design Engineer,2017-12-31,1,Iorgo Pautot,Single,"60 Declaration Crossing",Jacksonville,Florida,South,0
18,iminchella7y@bloglovin.com,"862-851-5676",Environmental Specialist,2022-03-15,1,Iosep Minchella,Married,"88 Erie Way",Newark,New Jersey,Northeast,0
38,imckevitt92@goo.ne.jp,"202-436-8302",Pharmacist,2017-04-08,1,Irvin Mckevitt,Separated,"1 Lakewood Pass",Washington,District of Columbia,South,0
53,irosarioat@squidoo.com,"678-317-7684",Senior Editor,2021-08-17,1,Irvin Rosario,Single,"1 Grayhawk Place",Decatur,Georgia,South,0
26,icoddingtonfh@aboutads.info,"719-963-6655",Chemical Engineer,2020-07-23,1,Isaac Coddington,Single,"6531 Forest Dale Way",Pueblo,Colorado,West,0
54,ibulcroft4c@hp.com,"718-269-3260",Quality Control Specialist,2016-09-16,1,Isaak Bulcroft,Single,"28601 Golden Leaf Road",Brooklyn,New York,Northeast,0
53,ichallenorn6@amazon.com,"916-511-5866",Structural Engineer,2019-04-16,1,Isaak Challenor,Single,"86850 Buhler Way",Chico,California,West,0
33,ikernockekj@gov.uk,"304-753-9544",Financial Advisor,2018-05-12,1,Isabelita Kernocke,Single,"44 Northport Terrace",Huntington,West Virginia,South,0
35,irobyke@storify.com,"770-166-7687",Senior Editor,2019-12-06,1,Isaiah Roby,Separated,"3 Morrow Plaza",Atlanta,Georgia,South,0
21,itwigg8h@narod.ru,"619-630-9149",Software Consultant,2021-02-20,1,Isidor Twigg,Married,"773 Pankratz Parkway",San Diego,California,West,0
49,ihandb0@opera.com,"859-577-8793",Senior Sales Associate,2021-10-27,1,Ivan Hand,Single,"643 Vermont Place",Lexington,Kentucky,South,0
41,icasementib@hhs.gov,"714-100-8657",Accounting Assistant IV,2016-01-09,1,Ivar Casement,Married,"8 Debs Point",Anaheim,California,West,0
41,ibelfeltmx@cyberchimps.com,"563-880-5036",Assistant Media Planner,2018-01-16,1,Iver Belfelt,Single,"048 Talisman Center",Davenport,Iowa,Midwest,0
32,ihallgoughdc@narod.ru,"334-321-2551",Automation Specialist IV,2021-08-08,1,Ivonne Hall-gough,Single,"2583 Lotheville Pass",Montgomery,Alabama,South,0
39,itracey46@blogspot.com,"360-205-3218",Nuclear Power Engineer,2016-02-03,1,Izaak Tracey,Single,"7 Green Ridge Court",Vancouver,Washington,West,0
49,jbanghe6j@delicious.com,"904-474-7079",Technical Writer,2021-06-26,1,Jacenta Banghe,Divorced,"58644 Bay Avenue",Jacksonville,Florida,South,0
30,jrowlattgy@weibo.com,"719-735-6432",Human Resources Assistant II,2018-08-18,1,Jacinta Rowlatt,Married,"526 Merchant Alley",Colorado Springs,Colorado,West,0
42,jboswell2e@abc.net.au,"720-307-7138",Legal Assistant,2013-10-05,1,Jacqueline Boswell,Separated,"54 Maywood Parkway",Denver,Colorado,West,0
54,jbanbrigge6h@clickbank.net,"904-692-1288",Geological Engineer,2020-09-20,1,Jacquie Banbrigge,Married,"259 Mesta Point",Jacksonville,Florida,South,0
47,jbradlaughn@wunderground.com,"205-147-0343",Help Desk Technician,2018-05-06,1,Jacquie Bradlaugh,Married,"761 Vernon Circle",Birmingham,Alabama,South,0
33,jmcwhinnien8@bizjournals.com,"910-656-5975",Senior Editor,2017-08-26,1,James Mcwhinnie,Married,"38966 Anniversary Drive",Fayetteville,North Carolina,South,0
35,jesselin37@virginia.edu,"904-538-1153",Nurse,2016-10-04,1,Jami Esselin,Married,"3 Alpine Park",Jacksonville,Florida,South,0
52,jjentlepk@amazon.co.uk,"585-643-0750",Environmental Specialist,2017-04-18,1,Jamima Jentle,Single,"0 Springview Way",Rochester,New York,Northeast,0
37,jvasyunkinnv@multiply.com,"614-649-3932",Accountant III,2015-08-09,1,Jammal Vasyunkin,Single,"83705 Lukken Center",Columbus,Ohio,Midwest,0
68,jmcmurraya2j@cbslocal.com,"503-871-2610",,2017-05-08,1,Jammie Mcmurraya,Married,"5 Butternut Crossing",Salem,Oregon,West,0
50,jgiacopetti4a@digg.com,"941-476-4797",Software Test Engineer I,2019-03-28,1,Jane Giacopetti,Divorced,"693 Erie Road",Seminole,Florida,South,0
30,jackland1c@disqus.com,"502-849-0097",Mechanical Systems Engineer,2022-04-04,1,Janey Ackland,Separated,"1182 Arkansas Place",Louisville,Kentucky,South,0
55,jwhales7@woothemes.com,"937-141-1241",,2022-01-21,1,Janith Whales,Married,"54438 Anhalt Drive",Hamilton,Ohio,Midwest,0
27,jeveleighkl@fc2.com,"615-407-0281",Paralegal,2019-09-19,1,Jaquenetta Eveleigh,Single,"238 Sauthoff Crossing",Nashville,Tennessee,South,0
30,jlorentzen16@yellowbook.com,"303-605-3081",Human Resources Assistant IV,2018-10-30,1,Jard Lorentzen,Married,"9683 Mifflin Plaza",Denver,Colorado,West,0
49,jabbisonbg@wired.com,"202-506-1159",Help Desk Technician,2016-02-14,1,Jarret Abbison,Single,"8992 Arkansas Trail",Washington,District of Columbia,South,0
52,jjanosevicna@chronoengine.com,"240-826-1333",Research Nurse,2018-04-25,1,Jasmine Janosevic,Married,"927 Milwaukee Pass",Silver Spring,Maryland,South,0
62,jvigiettii5@nymag.com,"217-967-9326",Software Test Engineer I,2020-07-01,1,Jason Vigietti,Married,"21 David Crossing",Springfield,Illinois,Midwest,0
43,jmazilliusbz@deviantart.com,"213-276-4368",Health Coach II,2022-03-09,1,Jaymie Mazillius,Married,"2107 Mccormick Crossing",Los Angeles,California,West,0
37,jpitfield7q@alibaba.com,"518-352-6683",Accountant I,2019-06-30,1,Jdavie Pitfield,Separated,"2443 Lerdahl Terrace",Albany,New York,Northeast,0
28,jmcneilly38@123-reg.co.uk,"806-556-3394",Senior Financial Analyst,2019-10-01,1,Jeanette Mcneilly,Single,"20 Reinke Terrace",Lubbock,Texas,South,0
20,jscotfurthb3@lycos.com,"520-310-8928",VP Sales,2021-08-15,1,Jeanna Scotfurth,Separated,"49216 Granby Parkway",Tucson,Arizona,West,0
46,jschierschr2@wikipedia.org,"661-535-9204",Database Administrator I,2017-02-28,1,Jeanne Schiersch,Divorced,"36664 Arrowood Plaza",Bakersfield,California,West,0
27,jbilhamfe@histats.com,"361-281-8325",Librarian,2018-07-23,1,Jeannette Bilham,Married,"696 Upham Drive",Corpus Christi,Texas,South,0
56,jbradden9@nsw.gov.au,"559-958-7175",Assistant Manager,2018-06-15,1,Jecho Bradden,Married,"71 Artisan Lane",Fresno,California,West,0
38,jklemtcw@va.gov,"513-623-5811",Occupational Therapist,2020-07-04,1,Jecho Klemt,Married,"19942 Katie Circle",Cincinnati,Ohio,Midwest,0
55,jkobel42@hud.gov,"513-118-9708",Quality Engineer,2021-11-19,1,Jeff Kobel,Single,"8 West Terrace",Cincinnati,Ohio,Midwest,0
38,jdowlesqy@soup.io,"512-407-0615",Research Associate,2015-11-06,1,Jelene Dowles,Married,"879 Clarendon Drive",Austin,Texas,South,0
57,jmatyushonok5t@geocities.jp,"408-916-0374",Actuary,2020-06-26,1,Jelene Matyushonok,Married,"64723 Mccormick Parkway",San Jose,California,West,0
49,jfullstone8i@mlb.com,"815-872-2052",Operator,2017-06-21,1,Jemimah Fullstone,Divorced,"90948 Buhler Circle",Rockford,Illinois,Midwest,0
28,jullyottn6@jugem.jp,"502-170-2945",Budget/Accounting Analyst I,2017-06-05,1,Jemmie Ullyott,Married,"5642 Valley Edge Center",Louisville,Kentucky,South,0
38,jfranscioniq8@sphinn.com,"956-596-8238",Human Resources Assistant I,2020-02-22,1,Jemmy Franscioni,Married,"59 Badeau Avenue",Laredo,Texas,South,0
35,jdevonaf@intel.com,"208-592-3659",Financial Advisor,2014-09-04,1,Jenda Devon,Single,"515 Lake View Pass",Pocatello,Idaho,West,0
45,jnannetti7t@google.it,"360-511-1952",Senior Developer,2018-02-23,1,Jeniffer Nannetti,Single,"9 Milwaukee Place",Seattle,Washington,West,0
50,jmcneillie5a@diigo.com,"850-676-5843",Sales Representative,2014-09-30,1,Jenn Mcneillie,Married,"2587 Stoughton Terrace",Tallahassee,Florida,South,0
29,jwaughog@discuz.net,"570-124-1809",Project Manager,2019-12-29,1,Jenn Waugh,Married,"123 Bluejay Avenue",Scranton,Pennsylvania,Northeast,0
40,jwind4e@newyorker.com,"480-387-7389",Executive Secretary,2017-06-26,1,Jennica Wind,Married,"87 Corscot Junction",Scottsdale,Arizona,West,0
39,jfulleylovegg@yellowpages.com,"812-165-2636",VP Sales,2022-04-18,1,Jens Fulleylove,Married,"56 Acker Lane",Evansville,Indiana,Midwest,0
53,jgeibele9@ezinearticles.com,"540-550-6277",Professor,2020-09-10,1,Jerald Geibel,Married,"99 Huxley Pass",Roanoke,Virginia,South,0
51,jdentya4@symantec.com,"205-771-6226",Software Engineer II,2017-12-06,1,Jeramie Denty,Divorced,"0 Vera Way",Birmingham,Alabama,South,0
39,jdietz2j@shareasale.com,"754-626-3364",Chemical Engineer,2014-04-03,1,Jeramie Dietz,Married,"85620 Anderson Hill",Fort Lauderdale,Florida,South,0
28,jdoodygr@digg.com,"443-810-2983",Desktop Support Technician,2019-08-30,1,Jere Doody,Married,"3 Hauk Drive",Annapolis,Maryland,South,0
42,jgrigoryova@indiatimes.com,"601-911-9004",Marketing Manager,2019-08-31,1,Jeri Grigoryov,Divorced,"5 Bellgrove Hill",Hattiesburg,Mississippi,South,0
52,jwolfenden1v@google.fr,"602-364-5034",Human Resources Assistant IV,2013-01-09,1,Jeri Wolfenden,Married,"59777 Oakridge Center",Scottsdale,Arizona,West,0
41,jkindellgm@intel.com,"828-402-6291",Associate Professor,2018-11-15,1,Jermaine Kindell,Married,"621 Fallview Drive",Asheville,North Carolina,South,0
55,jpauelaz@icio.us,"773-514-5802",Staff Accountant I,2019-11-02,1,Jermayne Pauel,Married,"5252 Acker Alley",Chicago,Illinois,Midwest,0
41,jshonedn@networksolutions.com,"309-537-0017",Design Engineer,2012-06-11,1,Jerrie Shone,Married,"98981 Summerview Street",Carol Stream,Illinois,Midwest,0
24,jchownhc@goo.gl,"202-358-9596",Recruiting Manager,2015-10-16,1,Jerrilee Chown,Single,"68 Oneill Center",Washington,District of Columbia,South,0
49,jgrancherir@arizona.edu,"816-128-5663",Software Test Engineer III,2016-12-01,1,Jessamyn Grancher,Married,"4856 Kim Way",Kansas City,Missouri,Midwest,0
34,jmuggleton6@pinterest.com,"757-269-4260",Help Desk Operator,2017-03-21,1,Jesse Muggleton,Married,"3512 Redwing Avenue",Virginia Beach,Virginia,South,0
44,jbarthnh@buzzfeed.com,"479-376-5305",Business Systems Development Analyst,2019-02-16,1,Jesselyn Barth,Separated,"3 Moulton Terrace",Fort Smith,Arkansas,South,0
67,jszachiq@go.com,"915-829-7789",Assistant Manager,2021-08-19,1,Jessi Szach,Single,"40 Union Junction",El Paso,Texas,South,0
43,jyuryaevce@go.com,"334-707-0705",Tax Accountant,2015-04-03,1,Jessi Yuryaev,Divorced,"46 Pleasure Crossing",Montgomery,Alabama,South,0
36,jsolmang9@xrea.com,"574-555-6654",Budget/Accounting Analyst IV,2015-11-26,1,Jessika Solman,Married,"1530 Sunbrook Terrace",South Bend,Indiana,Midwest,0
53,jtrenemanr9@hao123.com,"858-228-3641",Executive Secretary,2015-04-30,1,Jessika Treneman,Married,"96 Lunder Terrace",San Diego,California,West,0
35,jnelanem6@bloglovin.com,"501-109-5131",Structural Analysis Engineer,2014-11-21,1,Jewelle Nelane,Separated,"219 Lukken Point",Hot Springs National Park,Arkansas,South,0
49,jkimburylx@histats.com,"573-413-6133",VP Quality Control,2016-11-29,1,Jilli Kimbury,Married,"537 Ronald Regan Center",Jefferson City,Missouri,Midwest,0
41,jkenealy6@bloomberg.com,"513-726-9885",Accountant IV,2013-04-17,1,Jo-ann Kenealy,Married,"733 Hagan Parkway",Cincinnati,Ohio,Midwest,0
42,jalabastara0@edublogs.org,"305-393-8334",Quality Control Specialist,2014-02-15,1,Joan Alabastar,Married,"8 Manley Street",Miami Beach,Florida,South,0
43,jcreboe5m@tinypic.com,"850-681-6871",Safety Technician IV,2015-01-22,1,Joan Creboe,Married,"9 Green Ridge Avenue",Pensacola,Florida,South,0
49,jlerwayeq@jugem.jp,"513-500-5101",Quality Engineer,2019-01-12,1,Joan Lerway,Married,"879 Norway Maple Road",Cincinnati,Ohio,Midwest,0
36,jsirlej@ow.ly,"719-271-7031",Social Worker,2017-01-10,1,Jobyna Sirl,Single,"49137 Memorial Lane",Denver,Colorado,West,0
28,jvenard9d@netvibes.com,"530-156-2918",Analog Circuit Design manager,2019-05-20,1,Jodi Venard,Married,"63758 Green Circle",South Lake Tahoe,California,West,0
31,jbowmanqf@sogou.com,"408-441-2508",Administrative Officer,2020-10-03,1,Jody Bowman,Married,"2650 Nevada Parkway",San Jose,California,West,0
32,jsurrpo@meetup.com,,Nurse Practicioner,2017-03-18,1,Joella Surr,Married,"775 Boyd Avenue",Houston,Texas,South,0
51,jcudiff7@ycombinator.com,"616-617-0965",Research Nurse,2014-11-16,1,Joete Cudiff,Separated,"975 Dwight Plaza",Grand Rapids,Michigan,Midwest,0
35,jfruchonmd@theguardian.com,"661-665-9635",Web Designer II,2014-08-25,1,Johan Fruchon,Married,"3 Rieder Alley",Van Nuys,California,West,0
51,jgodfraylh@nih.gov,"813-117-7878",GIS Technical Architect,2015-08-07,1,Johan Godfray,Single,"3 Mitchell Crossing",Saint Petersburg,Florida,South,0
49,jwebleyrc@shutterfly.com,"412-197-1546",GIS Technical Architect,2019-01-22,1,Johanna Webley,Married,"57947 Pepper Wood Road",Pittsburgh,Pennsylvania,Northeast,0
34,jpetteford1p@biblegateway.com,"251-295-7879",Accounting Assistant IV,2017-10-14,1,Johannah Petteford,Married,"75737 Derek Circle",Mobile,Alabama,South,0
63,jhemsteades@ucoz.ru,"202-902-4753",Media Manager III,2016-06-13,1,Johnna Hemstead,Divorced,"3243 Sachtjen Road",Washington,District of Columbia,South,0
31,jheywardpz@cdbaby.com,"307-105-8387",Financial Advisor,2015-07-31,1,Jolyn Heyward,Married,"4781 Mcguire Park",Beaumont,Texas,South,0
67,jfanner65@free.fr,"813-669-7145",Social Worker,2015-04-26,1,Jon Fanner,Married,"5 Stang Plaza",Tampa,Florida,South,0
20,joxley9o@blogs.com,"312-153-0100",Civil Engineer,2020-04-22,1,Jonas Oxley,Single,"50 1st Junction",Chicago,Illinois,Midwest,0
399,jsanz3i@google.cn,"904-906-7537",Professor,2012-02-15,1,Jori Sanz,Married,"99 West Crossing",Jacksonville,Florida,South,1
48,jelhamn9@netscape.com,"337-110-0419",Pharmacist,2019-04-15,1,Josee Elham,Single,"1 Duke Place",Lafayette,Louisiana,South,0
25,jmaskrey6q@cnet.com,"605-522-0711",Associate Professor,2019-01-02,1,Josephina Maskrey,Divorced,"197 Brown Junction",Sioux Falls,South Dakota,Midwest,0
29,jajean53@qq.com,"402-671-0170",Tax Accountant,2015-10-22,1,Josephine Ajean,Single,"2883 Mosinee Court",Lincoln,Nebraska,Midwest,0
65,jumplebyr0@reddit.com,"305-136-2059",Quality Control Specialist,2020-01-29,1,Joshia Umpleby,Divorced,"7388 Lukken Hill",Naples,Florida,South,0
57,jstears80@infoseek.co.jp,"216-517-9271",Actuary,2020-05-16,1,Joshuah Stears,Divorced,"64 Sauthoff Trail",Cleveland,Ohio,Midwest,0
47,jsalla2m@hugedomains.com,"757-645-4530",Engineer III,2021-03-15,1,Joyan Salla,Divorced,"5622 Ludington Lane",Newport News,Virginia,South,0
61,jbrayshawph@cdbaby.com,"754-613-2399",Tax Accountant,2020-02-12,1,Judye Brayshaw,Single,"75 Swallow Street",Pompano Beach,Florida,South,0
51,jvasyaevcm@istockphoto.com,"915-860-4538",Research Associate,2016-12-08,1,Juliann Vasyaev,Divorced,"0994 Westridge Crossing",El Paso,Texas,South,0
47,jmckernio@spiegel.de,"404-636-9277",Staff Scientist,2019-03-07,1,Julita Mckern,Divorced,"80857 Texas Park",Atlanta,Georgia,South,0
22,jheldnx@va.gov,"315-201-6127",Librarian,2021-08-04,1,Junina Held,,"043 Forest Dale Way",Syracuse,New York,Northeast,0
59,jcabralesir@answers.com,"480-550-2893",Chief Design Engineer,2019-10-12,1,Justin Cabrales,Single,"3 Sycamore Terrace",Tempe,Arizona,West,0
65,jdahlenqr@biblegateway.com,"540-679-0583",Environmental Tech,2015-03-11,1,Justino Dahlen,Single,"85 Commercial Way",Roanoke,Virginia,South,0
51,kliffdz@un.org,"808-138-5251",Dental Hygienist,2018-03-20,1,Kaiser Liff,Married,"0 Golf Parkway",Honolulu,Hawaii,West,0
33,krobinetj7@hp.com,"214-122-9039",Senior Sales Associate,2016-01-11,1,Kaitlyn Robinet,Married,"67 Portage Pass",Dallas,Texas,South,0
55,kbrislane72@list-manage.com,"804-288-9013",Actuary,2012-07-23,1,Kaitlynn Brislane,Single,"417 Bonner Junction",Richmond,Virginia,South,0
38,kdutteridgeqy@ca.gov,"518-408-7943",Administrative Assistant I,2018-02-28,1,Kalvin Dutteridge,Married,"10 Rutledge Hill",Albany,New York,Northeast,0
53,kwinterbottom6f@ehow.com,"754-831-7286",Analog Circuit Design manager,2016-03-16,1,Kane Winterbottom,Married,"9 Valley Edge Street",Pompano Beach,Florida,South,0
49,kgilphillan43@ow.ly,"202-914-0902",Software Engineer I,2013-10-08,1,Kanya Gilphillan,Single,"4402 Kim Avenue",Washington,District of Columbia,South,0
33,kjelfshq@wordpress.com,"616-732-7007",Cost Accountant,1913-03-10,1,Karalynn Jelfs,Married,"30 Clove Park",Grand Rapids,Michigan,Midwest,1
36,kbuckthorp2y@globo.com,"305-956-0838",Account Representative IV,2020-09-13,1,Karee Buckthorp,Married,"6 Sugar Street",San Juan,Puerto Rico,Other/International,0
40,kholehousefg@over-blog.com,"973-903-8714",Analog Circuit Design manager,2020-03-20,1,Karlotta Holehouse,Single,"60 Dayton Park",Paterson,New Jersey,Northeast,0
34,kdawsonll@sphinn.com,"206-958-0350",Sales Representative,2014-04-09,1,Karlyn Dawson,Married,"790 High Crossing Street",Seattle,Washington,West,0
25,kaaronsohnb5@joomla.org,"509-354-6863",Budget/Accounting Analyst I,2018-03-01,1,Karoly Aaronsohn,Married,"86 La Follette Parkway",Yakima,Washington,West,0
63,kmcgroartyk9@cnbc.com,"937-152-0743",Professor,2022-02-06,1,Karrie Mcgroarty,Single,"69 Cordelia Court",Dayton,Ohio,Midwest,0
65,kbalkeu@cloudflare.com,"202-917-8558",Help Desk Technician,2017-02-08,1,Karry Balke,Married,"983 Bay Road",Washington,District of Columbia,South,0
37,knorthgraves4w@bizjournals.com,"812-885-0296",Quality Engineer,2021-03-21,1,Kary Northgraves,Married,"28 Annamark Place",Evansville,Indiana,Midwest,0
27,kmallabong1@elpais.com,"901-103-0932",Senior Financial Analyst,2020-09-16,1,Karyl Mallabon,Married,"9291 Lawn Place",Memphis,Tennessee,South,0
47,kwindlecb@weibo.com,"614-596-4512",Research Nurse,2021-09-25,1,Kassey Windle,Divorced,"7194 Novick Crossing",Columbus,Ohio,Midwest,0
48,klamertonnm@apache.org,"765-152-8972",Software Engineer I,2018-06-06,1,Kat Lamerton,Married,"92 Myrtle Way",Lafayette,Indiana,Midwest,0
38,kfluckerpa@archive.org,"850-822-9117",Database Administrator II,2018-09-30,1,Kathi Flucker,Married,"3480 Sachtjen Circle",Tallahassee,Florida,South,0
54,kmcenhill5@quantcast.com,"432-177-6183",Nurse Practicioner,2017-12-13,1,Kathryne Mcenhill,Single,"7 Butterfield Terrace",Odessa,Texas,South,0
58,ktomaszekjk@typepad.com,"573-480-1665",Operator,2015-05-02,1,Katie Tomaszek,Married,"20994 South Lane",Columbia,Missouri,Midwest,0
29,kvanin8a@cbslocal.com,"347-360-1914",Mechanical Systems Engineer,2012-05-07,1,Katinka Vanin,Separated,"6126 Becker Place",New York City,New York,Northeast,0
61,klenihanb8@examiner.com,"830-282-1600",Quality Control Specialist,2017-04-28,1,Katleen Lenihan,Married,"98 Mesta Court",San Antonio,Texas,South,0
25,kbartosekq3@google.com.hk,"410-635-7103",VP Quality Control,2016-05-18,1,Katrine Bartosek,Divorced,"57702 Waywood Crossing",Silver Spring,Maryland,South,0
57,krowlinson2l@4shared.com,"203-604-2136",Administrative Assistant I,2019-04-17,1,Katusha Rowlinson,Single,"33674 West Parkway",Norwalk,Connecticut,Northeast,0
36,kpavettk6@sohu.com,"952-599-4126",Recruiting Manager,2016-12-05,1,Kaycee Pavett,Married,"77685 Bobwhite Point",Minneapolis,Minnesota,Midwest,0
58,klevesleyg@seattletimes.com,"214-185-5413",Statistician III,2017-11-30,1,Keely Levesley,Single,"8 Eagan Trail",Dallas,Texas,South,0
63,kswitsur4t@hp.com,"319-625-9015",Payment Adjustment Coordinator,2015-01-27,1,Kelcy Switsur,Married,"08514 Hintze Lane",Cedar Rapids,Iowa,Midwest,0
50,kgrimsdykekq@free.fr,"337-501-5591",VP Product Management,2018-06-20,1,Kele Grimsdyke,Single,"25440 Petterle Point",Lafayette,Louisiana,South,0
47,khebborneoo@jigsy.com,"202-407-1122",Budget/Accounting Analyst I,2012-09-04,1,Kellby Hebborne,Married,"691 Rusk Avenue",Washington,District of Columbia,South,0
56,kwingeata5@shareasale.com,"863-934-2182",General Manager,2017-10-02,1,Kellen Wingeat,Separated,"5059 Norway Maple Way",Lakeland,Florida,South,0
62,kdadamokk@rediff.com,"804-501-3283",Assistant Media Planner,2019-02-24,1,Kelley D'adamo,Married,"815 Briar Crest Terrace",Richmond,Virginia,South,0
46,kdanet28@adobe.com,"559-850-9126",Programmer Analyst III,2019-07-14,1,Kelsey Danet,Single,"27553 Delladonna Street",Fullerton,California,West,0
52,kfarquharsonf7@bizjournals.com,"303-148-9962",Sales Representative,2020-08-25,1,Kelsey Farquharson,Single,"0 Grayhawk Park",Denver,Colorado,West,0
36,kgaleyc7@wix.com,"585-688-2794",Office Assistant II,2017-10-26,1,Kendricks Galey,Single,"8192 Michigan Hill",Rochester,New York,Northeast,0
29,kscneider36@wufoo.com,"323-941-7861",Statistician III,2020-12-16,1,Kennan Scneider,Single,"1426 Hoepker Road",Inglewood,California,West,0
58,kantospi@t.co,"661-445-8898",Database Administrator III,2017-01-22,1,Kennedy Antos,Married,"38573 Autumn Leaf Trail",Bakersfield,California,West,0
57,kjacobowits3y@examiner.com,"858-767-8480",Payment Adjustment Coordinator,2016-12-30,1,Kennie Jacobowits,Single,"20680 Ridgeway Lane",San Diego,California,West,0
57,kadie45@edublogs.org,"619-288-4765",Nurse Practicioner,2015-06-19,1,Kenny Adie,Married,"3115 Charing Cross Park",San Diego,California,West,0
29,kkieltykl@mysql.com,"609-563-8472",Help Desk Technician,2015-09-20,1,Keri Kielty,Married,"1 Sheridan Street",Trenton,New Jersey,Northeast,0
37,knormansellgy@tamu.edu,"267-584-5023",VP Marketing,2013-07-25,1,Kermit Normansell,Single,"10 Basil Hill",Philadelphia,Pennsylvania,Northeast,0
41,kdorkinh@admin.ch,"702-560-2980",Senior Financial Analyst,2021-05-16,1,Kerr Dorkin,Divorced,"75 Basil Terrace",Las Vegas,Nevada,West,0
18,kbrandham11@blogtalkradio.com,"765-930-4391",General Manager,2017-11-30,1,Kerri Brandham,Single,"93 Kennedy Center",Muncie,Indiana,Midwest,0
35,kpennettar6@princeton.edu,"813-137-0391",Professor,2017-10-13,1,Kerwinn Pennetta,Single,"096 Lindbergh Hill",Tampa,Florida,South,0
49,kcrab5d@etsy.com,"360-967-2837",Librarian,2018-04-22,1,Keslie Crab,Married,"270 Montana Lane",Vancouver,Washington,West,0
42,kgrand2n@techcrunch.com,"916-503-6483",Geological Engineer,2017-02-02,1,Kiah Grand,Married,"18 Mcguire Drive",Sacramento,California,West,0
58,kpanterk0@gmpg.org,"910-661-9693",Internal Auditor,2018-03-16,1,Kiele Panter,Single,"6 Columbus Trail",Wilmington,North Carolina,South,0
42,kzoaneof@liveinternet.ru,"203-434-4619",Sales Representative,2021-08-17,1,Killie Zoane,Divorced,"49178 Novick Crossing",Norwalk,Connecticut,Northeast,0
48,kcorsanjf@edublogs.org,"501-497-1616",Associate Professor,2016-04-03,1,Kim Corsan,Married,"89 Kensington Pass",Little Rock,Arkansas,South,0
63,kjanseyr4@statcounter.com,"212-689-0880",Human Resources Assistant IV,2021-11-25,1,Kimble Jansey,Married,"20402 Petterle Place",New York City,New York,Northeast,0
68,kyegorevqg@e-recht24.de,"609-768-2682",Legal Assistant,2019-11-29,1,Kimble Yegorev,Married,"39860 Lake View Junction",Trenton,New Jersey,Northeast,0
50,kleipelt87@gravatar.com,"805-700-6245",Occupational Therapist,2017-10-26,1,King Leipelt,Married,"4 Dorton Road",San Luis Obispo,California,West,0
38,krathbornekd@nasa.gov,"609-923-0957",Administrative Officer,2015-08-26,1,Kingsly Rathborne,Married,"7 Darwin Road",Trenton,New Jersey,Northeast,0
23,kparleygz@baidu.com,"309-856-9900",VP Sales,2018-05-13,1,Kinnie Parley,Divorced,"83 Pearson Parkway",Peoria,Illinois,Midwest,0
26,kfoatmn@moonfruit.com,"816-576-5057",Actuary,2014-11-10,1,Kippy Foat,Divorced,"92967 Emmet Center",Kansas City,Missouri,Midwest,0
43,kmclemong3@sciencedaily.com,"203-502-9582",Registered Nurse,2012-01-02,1,Kirsten Mclemon,Divorced,"0462 Charing Cross Place",Bridgeport,Connecticut,Northeast,0
64,kgatty62@drupal.org,"717-322-7876",Internal Auditor,2020-07-25,1,Kirstin Gatty,Married,"8371 Derek Terrace",Harrisburg,Pennsylvania,Northeast,0
34,ktheobald2q@indiegogo.com,"231-846-3476",Web Designer III,2021-04-12,1,Kittie Theobald,Single,"36 Maple Wood Trail",Muskegon,Michigan,Midwest,0
42,kcheverell5f@bandcamp.com,"404-863-7659",Office Assistant IV,2019-02-21,1,Kizzie Cheverell,Married,"547 Jay Trail",Atlanta,Georgia,South,0
52,kbridal5e@booking.com,"318-320-1475",Senior Sales Associate,2014-09-01,1,Konstance Bridal,Married,"1332 Orin Avenue",Alexandria,Louisiana,South,0
37,kquinsee7h@rambler.ru,"803-514-6691",Environmental Specialist,2020-07-04,1,Korella Quinsee,Divorced,"5432 Hansons Road",Columbia,South Carolina,South,0
67,kmeineken8e@arizona.edu,"334-206-4842",Human Resources Assistant I,2020-05-01,1,Korry Meineken,Married,"7 Hanover Street",Montgomery,Alabama,South,0
27,ketockmq@so-net.ne.jp,"412-107-4180",Speech Pathologist,2015-07-25,1,Krishna Etock,Single,"12126 Norway Maple Terrace",Pittsburgh,Pennsylvania,Northeast,0
32,kmangon5q@blogspot.com,"717-665-7550",Nurse,2019-05-27,1,Krispin Mangon,Married,"18 Sugar Parkway",Harrisburg,Pennsylvania,Northeast,0
42,kgrishagin9v@craigslist.org,"937-215-0448",Quality Control Specialist,2018-10-03,1,Krissy Grishagin,Divorced,"2052 Lillian Crossing",Dayton,Ohio,Midwest,0
59,ksearlesih@liveinternet.ru,"212-525-0491",Analog Circuit Design manager,2018-10-29,1,Krista Searles,Single,"8733 Raven Trail",New York City,New York,Northeast,0
28,kcorneliussenmr@statcounter.com,"626-717-1174",Junior Executive,2013-08-15,1,Kristan Corneliussen,Single,"22682 Almo Trail",Los Angeles,California,West,0
44,kwortmand9@rambler.ru,"773-112-7516",Paralegal,2021-11-22,1,Kristan Wortman,Married,"1 Arizona Avenue",Chicago,Illinois,Midwest,0
60,klucian0@unblog.fr,"414-611-0435",Occupational Therapist,2021-08-04,1,Kristoffer Lucia,Single,"9753 3rd Circle",Milwaukee,Wisconsin,Midwest,0
54,kglenton91@upenn.edu,"908-507-9079",Biostatistician III,2015-02-17,1,Kristopher Glenton,Married,"4 Alpine Terrace",Jersey City,New Jersey,Northeast,0
27,kmomfordop@technorati.com,"512-496-0020",Administrative Assistant IV,2018-12-16,1,Kyle Momford,Single,"597 Del Sol Lane",Austin,Texas,South,0
53,kwallicepv@g.co,"816-891-5844",Clinical Specialist,2018-03-02,1,Kyle Wallice,Divorced,"694 Mariners Cove Park",Saint Joseph,Missouri,Midwest,0
50,kpolfer5k@soup.io,"505-123-6330",Technical Writer,2022-01-14,1,Kylila Polfer,Married,"68 Moose Place",Albuquerque,New Mexico,West,0
62,lgwiltar@last.fm,"517-928-7600",VP Quality Control,2021-11-19,1,Lambert Gwilt,Married,"076 Ohio Plaza",Lansing,Michigan,Midwest,0
47,lgoreisrd6@com.com,"502-541-4070",Senior Financial Analyst,2016-09-21,1,Langsdon Goreisr,Single,"8 Blackbird Road",Louisville,Kentucky,South,0
38,losman33@theguardian.com,"805-901-9897",Internal Auditor,2016-03-31,1,Langsdon Osman,Single,"1342 Mifflin Point",Oxnard,California,West,0
38,lgittinski@scribd.com,"502-685-3817",Desktop Support Technician,2021-08-19,1,Lannie Gittins,Single,"5208 Lerdahl Hill",Louisville,Kentucky,South,0
43,lrediersl3@omniture.com,"727-312-3881",Geologist IV,2016-06-12,1,Larry Rediers,Single,"4 Fallview Park",Saint Petersburg,Florida,South,0
65,ldanksof@a8.net,"240-501-4930",Administrative Officer,2017-01-18,1,Lars Danks,Married,"526 Oriole Lane",Bowie,Maryland,South,0
50,lhadkins4b@usatoday.com,"559-125-2744",Software Engineer III,2020-07-17,1,Lauraine Hadkins,Married,"2 Buell Park",Fresno,California,West,0
62,lfrierkx@europa.eu,"719-900-0790",Actuary,2016-03-18,1,Laure Frier,,"1 Vahlen Street",Pueblo,Colorado,West,0
22,ldentyi@scientificamerican.com,"858-744-4208",Software Test Engineer IV,2017-08-11,1,Laurel Denty,Divorced,"4 Schlimgen Parkway",San Diego,California,West,0
40,lorgillmi@chronoengine.com,"336-692-0012",Web Developer III,2013-10-11,1,Laurene Orgill,Single,"86312 Algoma Center",Greensboro,North Carolina,South,0
24,lconnock93@archive.org,"412-563-9799",VP Sales,2022-02-06,1,Lauretta Connock,Single,"78 Village Green Trail",Pittsburgh,Pennsylvania,Northeast,0
38,lsergeanjg@flickr.com,"339-484-0652",Automation Specialist II,2017-02-21,1,Laurice Sergean,Married,"18042 Cambridge Avenue",Woburn,Massachusetts,Northeast,0
55,likinseh@hugedomains.com,"401-415-3414",Staff Accountant IV,2019-05-10,1,Lavina Ikins,Married,"7 Redwing Junction",Providence,Rhode Island,Northeast,0
34,lbigglestone47@themeforest.net,"513-328-9494",Social Worker,2019-07-03,1,Lawry Bigglestone,Single,"329 Johnson Road",Cincinnati,Ohio,Midwest,0
58,lbrundall3u@youku.com,"651-815-0766",Assistant Media Planner,2018-04-01,1,Lazare Brundall,Separated,"24480 Pepper Wood Avenue",Saint Paul,Minnesota,Midwest,0
46,lmiqueletai@time.com,"703-655-5817",Analog Circuit Design manager,2015-11-27,1,Leandra Miquelet,Married,"1386 Bobwhite Trail",Arlington,Virginia,South,0
38,lmurrie89@berkeley.edu,"404-927-1451",GIS Technical Architect,2020-07-16,1,Leda Murrie,Married,"6 Vernon Crossing",Atlanta,Georgia,South,0
45,lheathwood32@stanford.edu,"718-369-2203",Statistician IV,2017-06-04,1,Lee Heathwood,Single,"3581 Sycamore Lane",Bronx,New York,Northeast,0
18,lgyorgycd@edublogs.org,"603-268-7110",,2021-01-30,1,Lefty Gyorgy,Divorced,"151 Brown Plaza",Portsmouth,New Hampshire,Northeast,0
38,lwaszczyk3d@spotify.com,"414-969-5856",Product Engineer,2016-10-19,1,Leicester Waszczyk,Married,"40 1st Parkway",Milwaukee,Wisconsin,Midwest,0
40,lgrimsleyek@discuz.net,"956-530-0437",Software Consultant,2016-01-13,1,Leif Grimsley,Married,"52 Maple Wood Junction",Laredo,Texas,South,0
27,lbowland1b@yahoo.co.jp,"919-164-8730",Electrical Engineer,2015-11-24,1,Lemmie Bowland,Married,"0803 Sullivan Park",Raleigh,North Carolina,South,0
48,ltinglyj2@eventbrite.com,"412-492-4208",Desktop Support Technician,2018-03-28,1,Lenard Tingly,Married,"46 Sundown Trail",Pittsburgh,Pennsylvania,Northeast,0
43,lsparshott2z@amazon.co.jp,"404-548-9702",GIS Technical Architect,2012-01-25,1,Lennie Sparshott,Married,"29 Caliangt Street",Atlanta,Georgia,South,0
41,lbeechcraftkg@oaic.gov.au,"215-975-7963",Director of Sales,2019-05-15,1,Leonelle Beechcraft,Married,"295 Bunker Hill Street",Philadelphia,Pennsylvania,Northeast,0
40,lburletonov@gov.uk,"865-371-6171",Tax Accountant,2017-04-25,1,Leonore Burleton,Single,"0 Memorial Court",Knoxville,Tennessee,South,0
41,lplews8z@51.la,"804-733-8680",Analog Circuit Design manager,2017-08-26,1,Leopold Plews,Married,"4 Green Ridge Circle",Richmond,Virginia,South,0
48,ldormonrn@bravesites.com,"808-529-7749",Software Test Engineer I,2022-06-21,1,Leroy Dormon,Single,"71837 Schmedeman Avenue",Honolulu,Hawaii,West,0
33,lgyles30@java.com,"316-673-6530",,2021-08-19,1,Lesly Gyles,Separated,"5472 Farmco Avenue",Wichita,Kansas,Midwest,0
41,latlayeo@thetimes.co.uk,"303-365-6354",Systems Administrator IV,2017-04-16,1,Lethia Atlay,Divorced,"3 Forest Dale Drive",Denver,Colorado,West,0
31,lhiggonet7m@bloglines.com,"214-288-4388",Social Worker,2020-04-10,1,Letizia Higgonet,Married,"878 Spohn Place",Garland,Texas,South,0
55,ldurganb7@cdbaby.com,"702-895-1716",Data Coordiator,2017-08-06,1,Levey Durgan,Divorced,"047 Mosinee Point",Henderson,Nevada,West,0
44,lspellecycg@tinypic.com,"605-249-1730",Accounting Assistant II,2014-06-12,1,Levey Spellecy,Single,"09 Nova Pass",Sioux Falls,South Dakota,Midwest,0
34,lennormd@wikimedia.org,"312-685-7820",Sales Associate,2017-04-26,1,Levy Ennor,Married,"715 Bowman Drive",Chicago,Illinois,Midwest,0
38,lgaffneyv@goodreads.com,"804-869-6072",VP Marketing,2018-12-01,1,Lexi Gaffney,Single,"530 Dapin Parkway",Richmond,Virginia,South,0
33,lmengo6o@goodreads.com,"662-618-7187",Graphic Designer,2015-09-10,1,Libbey Mengo,Married,"5 Old Shore Circle",Columbus,Mississippi,South,0
42,lbleezeak@economist.com,"540-302-5905",Help Desk Technician,2019-07-04,1,Liesa Bleeze,Single,"5 Lake View Pass",Fredericksburg,Virginia,South,0
33,lsalamonc9@myspace.com,"334-940-6385",Geological Engineer,2017-10-12,1,Lilah Salamon,Single,"19957 Almo Road",Montgomery,Alabama,South,0
49,lskudderhm@businessinsider.com,"806-375-5861",Budget/Accounting Analyst I,2015-11-14,1,Lilia Skudder,Married,"58635 Redwing Avenue",Amarillo,Texas,South,0
40,lorteau4t@imageshack.us,"214-718-8520",Financial Advisor,2015-10-11,1,Liliane Orteau,Single,"5491 Larry Place",Dallas,Texas,South,0
66,lnavankc@cmu.edu,"570-343-9430",Tax Accountant,2016-09-17,1,Lilla Navan,Single,"8952 Debs Trail",Scranton,Pennsylvania,Northeast,0
55,lyakovlivj1@wordpress.org,"763-364-6779",Marketing Assistant,2017-05-05,1,Lincoln Yakovliv,Single,"87 Express Parkway",Minneapolis,Minnesota,Midwest,0
34,ldraijer75@lulu.com,"646-988-2268",Technical Writer,2017-05-02,1,Lind Draijer,Separated,"4645 Westerfield Plaza",New York City,New York,Northeast,0
26,lhastings54@istockphoto.com,"419-472-2041",Computer Systems Analyst I,2013-03-13,1,Lind Hastings,Married,"14 Roxbury Trail",Toledo,Ohio,Midwest,0
62,lshimmansql@sun.com,"914-416-8284",Financial Analyst,2019-10-06,1,Lindie Shimmans,Divorced,"195 Lighthouse Bay Terrace",White Plains,New York,Northeast,0
36,lbyerm1@cbc.ca,"512-414-4868",Teacher,2014-02-17,1,Lindsey Byer,Single,"91 Toban Place",Austin,Texas,South,0
41,llockeyer@prweb.com,"913-246-3843",Chief Design Engineer,2018-11-03,1,Linet Lockey,Single,"6954 Forest Dale Place",Shawnee Mission,Kansas,Midwest,0
48,lbrecknellkq@purevolume.com,"731-353-2583",Project Manager,2017-11-29,1,Lionello Brecknell,Divorced,"40004 Arapahoe Circle",Jackson,Tennessee,South,0
50,ltringhambs@blogtalkradio.com,"414-699-1430",Chemical Engineer,2012-07-20,1,Lissi Tringham,Married,"50 Onsgard Place",Milwaukee,Wisconsin,Midwest,0
44,lcaldayrou6c@fda.gov,"402-679-9227",Administrative Assistant IV,2020-06-28,1,Lissie Caldayrou,Single,"102 Sherman Park",Lincoln,Nebraska,Midwest,0
26,ltuerenao2@pbs.org,"615-885-7883",Social Worker,2017-03-29,1,Liva Tuerena,Married,"3268 Tomscot Plaza",Nashville,Tennessee,South,0
32,lpawleycr@go.com,"208-603-4511",Geologist II,2017-05-07,1,Livia Pawley,Married,"9 Oak Valley Plaza",Boise,Idaho,West,0
40,lroysej9@reuters.com,"801-898-1832",Electrical Engineer,2020-07-04,1,Liz Royse,Married,"1083 Gerald Avenue",Ogden,Utah,West,0
40,lrappaport5j@eventbrite.com,"502-637-8157",Tax Accountant,2021-07-08,1,Lockwood Rappaport,Divorced,"726 Buena Vista Center",Louisville,Kentucky,South,0
27,labson1@utexas.edu,"213-353-1878",Database Administrator I,2020-05-07,1,Lois Abson,Separated,"560 Homewood Parkway",Los Angeles,California,West,0
36,lcogglesrk@craigslist.org,"937-906-2880",Teacher,2018-12-27,1,Lolly Coggles,Single,"3 Rigney Court",Dayton,Ohio,Midwest,0
31,lpechacekge@sphinn.com,"253-204-7467",Sales Associate,2014-11-08,1,Lolly Pechacek,Single,"870 Calypso Road",Tacoma,Washington,West,0
47,lrogerong0@weebly.com,"682-726-4423",Legal Assistant,2017-05-30,1,Lonnie Rogeron,Divorced,"39382 Eagle Crest Point",Fort Worth,Texas,South,0
35,lconkeycv@360.cn,"408-361-0803",Programmer Analyst IV,2020-09-23,1,Loralyn Conkey,Divorced,"4 Huxley Parkway",Sunnyvale,California,West,0
38,lrideout5c@techcrunch.com,"757-140-9302",Chemical Engineer,2020-07-21,1,Lorelle Rideout,Single,"2 Lunder Point",Herndon,Virginia,South,0
31,ltuffellen@bandcamp.com,"901-115-8204",Tax Accountant,2020-11-30,1,Lorena Tuffell,Married,"1 Fallview Plaza",Memphis,Tennessee,South,0
34,lwendoverow@wordpress.com,"404-240-8154",Financial Analyst,2020-06-01,1,Lorenzo Wendover,Married,"1 Hermina Terrace",Gainesville,Georgia,South,0
36,loldacreei@vistaprint.com,"502-300-8394",Geologist II,2022-04-26,1,Lorna Oldacre,Separated,"626 Randy Circle",Louisville,Kentucky,South,0
35,lmacarthur4u@domainmarket.com,"650-830-9899",General Manager,2015-07-26,1,Lorne Macarthur,Single,"168 Di Loreto Place",Sunnyvale,California,West,0
63,lspellworthgr@lycos.com,"202-826-8140",Electrical Engineer,2019-10-31,1,Lorraine Spellworth,Divorced,"29 Waxwing Hill",Washington,District of Columbia,South,0
37,lcasacciok5@networkadvertising.org,"818-630-0273",Help Desk Technician,2017-07-11,1,Lothaire Casaccio,Married,"68474 Macpherson Parkway",Brea,California,West,0
46,lshafier19@vimeo.com,"251-326-9643",Nuclear Power Engineer,2016-08-24,1,Lotte Shafier,Single,"16 Mesta Circle",Mobile,Alabama,South,0
52,lmcmahonkv@dyndns.org,"806-198-2023",Executive Secretary,2019-09-18,1,Lotty Mcmahon,Married,"5 Macpherson Junction",Amarillo,Texas,South,0
27,lmatusovsky5n@photobucket.com,"318-745-4886",Geologist I,2015-07-18,1,Louella Matusovsky,Married,"1 Westend Alley",Shreveport,Louisiana,South,0
35,lkerraq@bbb.org,"512-383-2561",VP Marketing,2014-06-20,1,Loydie Kerr,Married,"17733 Hauk Plaza",Austin,Texas,South,0
52,lcalveym@biglobe.ne.jp,"972-929-2731",Nuclear Power Engineer,2022-06-03,1,Luciana Calvey,Separated,"288 Anzinger Parkway",Dallas,Texas,South,0
48,lduttn7@opera.com,"404-945-2438",Internal Auditor,2017-05-12,1,Lucias Dutt,Married,"8 David Parkway",Atlanta,Georgia,South,0
52,ltrussler6o@cloudflare.com,"508-349-2363",Budget/Accounting Analyst III,2017-02-27,1,Lucie Trussler,Single,"27 Boyd Street",Worcester,Massachusetts,Northeast,0
37,lmccroftiy@cisco.com,"856-268-2748",Nurse,2012-08-14,1,Lucilia Mccroft,Single,"94939 Sutteridge Circle",Camden,New Jersey,Northeast,0
45,lharesignc7@prnewswire.com,"212-169-8726",Associate Professor,2016-03-15,1,Luke Haresign,Married,"48 Anhalt Trail",New York City,New York,Northeast,0
33,llovemorejl@163.com,"864-941-5893",Clinical Specialist,2022-03-27,1,Lusa Lovemore,Single,"49 Roxbury Crossing",Anderson,South Carolina,South,0
58,lcufflin2g@g.co,"703-522-5158",Marketing Manager,2021-01-29,1,Lyell Cufflin,Married,"38 Erie Place",Silver Spring,Maryland,South,0
51,lgresswellco@senate.gov,"214-290-5853",Financial Analyst,2020-07-17,1,Lyndsie Gresswell,Single,"9 Sauthoff Junction",Dallas,Texas,South,0
51,lalbarez5w@dmoz.org,"214-102-7450",Payment Adjustment Coordinator,2019-08-10,1,Lyndy Albarez,Married,"9654 Fairfield Avenue",Dallas,Texas,South,0
55,lohartnettfj@yellowpages.com,"434-361-0198",Executive Secretary,2012-08-21,1,Lynelle O'hartnett,Separated,"31 2nd Parkway",Lynchburg,Virginia,South,0
41,lchellamih@sun.com,"701-285-3407",Staff Accountant III,2013-08-28,1,Lynett Chellam,Married,"045 Memorial Alley",Bismarck,North Dakota,Midwest,0
41,lmcilwraithfq@opensource.org,"406-314-0835",Senior Sales Associate,2013-05-21,1,Lynette Mcilwraith,Single,"4683 Roth Circle",Missoula,Montana,West,0
44,ldeby@qq.com,"936-704-3397",Quality Control Specialist,2022-03-26,1,Lynnette De Bruin,Single,"77924 Morrow Terrace",Conroe,Texas,South,0
51,mdrevery@google.it,"918-130-8109",Community Outreach Specialist,2019-06-08,1,Mac Drever,Divorced,"018 Clyde Gallagher Parkway",Tulsa,Oklahoma,South,0
39,mmassinger8l@prweb.com,"215-171-9389",Chemical Engineer,2021-04-25,1,Mace Massinger,Single,"19 Lerdahl Parkway",Philadelphia,Pennsylvania,Northeast,0
27,mharmsjl@google.es,"770-987-6920",Cost Accountant,2016-02-25,1,Maddi Harms,Single,"333 Steensland Circle",Duluth,Georgia,South,0
39,mmorralleemj@wordpress.com,"712-853-2968",Software Engineer II,2020-01-29,1,Maddie Morrallee,Divorced,"9339 Straubel Center",Sioux City,Iowa,Midwest,0
39,mmorralleemj@wordpress.com,"712-853-2968",Software Engineer II,2020-01-29,1,Maddie Morrallee,Married,"9339 Straubel Center",Sioux City,Iowa,Midwest,0
38,mtamblingsonou@fastcompany.com,"405-207-2935",Nurse,2018-02-05,1,Maddy Tamblingson,Single,"256 Northport Center",Oklahoma City,Oklahoma,South,0
43,mmcaless2@tuttocitta.it,"941-348-5721",,2015-11-12,1,Madeline Mcaless,Divorced,"7211 Mariners Cove Plaza",Naples,Florida,South,0
59,mclausson5r@nbcnews.com,"610-270-7652",Senior Developer,2021-06-23,1,Madelle Clausson,Separated,"6610 Lakeland Circle",Allentown,Pennsylvania,Northeast,0
49,mflintuff4x@mayoclinic.com,"301-307-8710",Compensation Analyst,2019-01-19,1,Madge Flintuff,Single,"1566 Golf View Trail",Bethesda,Maryland,South,0
49,mlazenburyes@china.com.cn,"571-679-9998",Software Consultant,2013-10-12,1,Mae Lazenbury,Single,"584 Lindbergh Way",Arlington,Virginia,South,0
20,mcocklandch@sfgate.com,"240-394-4629",Teacher,2020-04-03,1,Magdalene Cockland,Married,"2382 Commercial Drive",Silver Spring,Maryland,South,0
28,mrannerjm@unesco.org,"816-457-2984",Computer Systems Analyst II,2012-05-07,1,Maggee Ranner,Single,"0384 Barnett Center",Kansas City,Missouri,Midwest,0
28,mcattrello0@about.com,"602-837-3995",Registered Nurse,2015-09-02,1,Mahala Cattrell,Single,"7 Montana Junction",Phoenix,Arizona,West,0
56,mperriekh@tinyurl.com,"208-674-0036",Quality Engineer,2019-09-07,1,Maire Perrie,Single,"5879 Lindbergh Center",Boise,Idaho,West,0
45,msideym9@youku.com,"206-342-6032",Recruiting Manager,2018-12-27,1,Malachi Sidey,Single,"78562 Lyons Court",Seattle,Washington,West,0
39,mgraftonherbert5v@ucsd.edu,"801-348-3432",Computer Systems Analyst III,2021-11-02,1,Malena Grafton-herbert,Married,"4 Bayside Court",Salt Lake City,Utah,West,0
54,mlaurencotnz@mashable.com,"803-643-0888",Web Designer I,2013-04-13,1,Mallory Laurencot,Married,"72093 Dapin Avenue",Aiken,South Carolina,South,0
25,mmartyntsev5o@wired.com,"561-420-1792",Statistician III,2015-05-09,1,Malva Martyntsev,Single,"21 Muir Circle",Delray Beach,Florida,South,0
29,molwenc@phoca.cz,"612-914-2658",Business Systems Development Analyst,2019-06-16,1,Mandie Olwen,Single,"61 Blue Bill Park Plaza",Minneapolis,Minnesota,Midwest,0
48,meyerf@java.com,"352-772-4790",Geological Engineer,2019-03-13,1,Manfred Eye,Married,"20207 Surrey Pass",Spring Hill,Florida,South,0
53,mshirdjg@weebly.com,"203-121-6731",Administrative Officer,2013-03-15,1,Manfred Shird,Single,"6 Sundown Drive",Hartford,Connecticut,Northeast,0
35,mpeiser9m@soundcloud.com,"312-414-9446",Geological Engineer,2016-01-31,1,Mannie Peiser,Married,"660 Summit Place",Chicago,Illinois,Midwest,0
48,mmcmorlandrg@wikimedia.org,"952-480-3000",General Manager,2015-03-13,1,Manolo Mcmorland,Married,"5 Old Gate Parkway",Minneapolis,Minnesota,Midwest,0
59,mclissoldbn@google.ru,"312-336-0789",Account Representative II,2017-10-27,1,Marabel Clissold,Divorced,"130 Utah Way",Chicago,Illinois,Midwest,0
30,mluckcockgj@oracle.com,"405-145-3677",Biostatistician III,2018-10-15,1,Marcella Luckcock,Married,"85430 Sachs Avenue",Norman,Oklahoma,South,0
59,mholmesot@nbcnews.com,"909-558-9595",Food Chemist,2019-11-15,1,Marcellus Holmes,Single,"2744 Lighthouse Bay Alley",Riverside,California,West,0
22,mothickis@bloglovin.com,"202-739-1598",Editor,2016-07-19,1,Marco Othick,Married,"33111 3rd Circle",Washington,District of Columbia,South,0
67,mbellochtlc@fc2.com,"630-769-3559",Compensation Analyst,2017-06-17,1,Marcos Bellocht,Single,"089 Dawn Road",Schaumburg,Illinois,Midwest,0
18,mmouldingkm@clickbank.net,"863-750-7834",Senior Financial Analyst,2017-04-12,1,Maressa Moulding,Married,"2899 Fisk Place",Lehigh Acres,Florida,South,0
25,mmoneypenny94@house.gov,"920-198-2030",Dental Hygienist,2015-08-11,1,Margareta Moneypenny,Single,"8 Gateway Trail",Green Bay,Wisconsin,Midwest,0
38,mduddy38@answers.com,"334-626-1656",Systems Administrator I,2017-08-23,1,Marge Duddy,Married,"43698 Kropf Point",Montgomery,Alabama,South,0
64,mtitchmarshnj@squarespace.com,"909-396-8064",Data Coordiator,2022-04-12,1,Margi Titchmarsh,Married,"401 Kingsford Drive",San Bernardino,California,West,0
29,mavrahamoffep@usa.gov,"503-239-0864",Quality Control Specialist,2015-01-31,1,Maria Avrahamoff,Married,"80 Merry Trail",Portland,Oregon,West,0
59,mcolesnt@smh.com.au,"209-101-5611",Administrative Assistant II,2017-04-27,1,Maria Coles,Single,"55055 Bluestem Park",Fresno,California,West,0
40,mdarkinsqa@slate.com,"865-354-3249",Actuary,2015-12-21,1,Marianna Darkins,Married,"5207 Dahle Circle",Knoxville,Tennessee,South,0
23,mmorcomb4c@delicious.com,"813-776-3102",Senior Editor,2018-12-18,1,Mariejeanne Morcomb,Divorced,"9 Chive Junction",Tampa,Florida,South,0
43,mrossant9a@ezinearticles.com,"804-481-0780",Actuary,2017-09-30,1,Mariellen Rossant,Married,"33154 Morning Alley",Richmond,Virginia,South,0
35,mnewall6x@npr.org,"718-734-8278",Quality Engineer,2014-05-10,1,Marigold Newall,Single,"948 Summer Ridge Park",Jamaica,New York,Northeast,0
46,mklausen7w@myspace.com,"770-287-1655",Analyst Programmer,2014-01-24,1,Marijn Klausen,Single,"36413 Westend Hill",Decatur,Georgia,South,0
44,mgaunt8k@admin.ch,"510-729-6215",Pharmacist,2021-05-08,1,Marika Gaunt,Married,"7057 Del Sol Terrace",Berkeley,California,West,0
36,mdenricopg@google.com,"605-381-0244",Editor,2020-09-27,1,Marillin D'enrico,Single,"34379 Kings Plaza",Sioux Falls,South Dakota,Midwest,0
61,mswappmm@forbes.com,"612-447-9238",Quality Engineer,2016-12-13,1,Marilyn Swapp,Married,"92 Park Meadow Junction",Saint Paul,Minnesota,Midwest,0
25,mdrewsin@paginegialle.it,"214-800-7568",Senior Quality Engineer,2020-04-09,1,Marina Drews,Married,"5 Walton Place",Dallas,Texas,South,0
42,mgerataschpa@about.me,"209-656-7190",Senior Developer,2014-04-26,1,Marinna Geratasch,Married,"53 Jana Court",Visalia,California,West,0
55,mhawler1p@pinterest.com,,Teacher,2022-01-21,1,Marion Hawler,Married,"60701 Crest Line Drive",Fresno,California,West,0
28,mcolcombju@instagram.com,"702-820-4635",Geologist II,2014-08-08,1,Maris Colcomb,Single,"63 Summer Ridge Crossing",Las Vegas,Nevada,West,0
50,mcaistorij@google.com.au,"316-783-6341",Staff Scientist,2018-06-06,1,Mariya Caistor,Single,"106 Pine View Drive",Wichita,Kansas,Midwest,0
31,mwilcotbh@dell.com,"915-863-0222",Librarian,2016-04-17,1,Marjorie Wilcot,Married,"67548 Crowley Park",El Paso,Texas,South,0
62,mgove1e@wikimedia.org,"804-906-6435",Social Worker,2022-02-21,1,Marjy Gove,Married,"603 Arrowood Place",Richmond,Virginia,South,0
27,mrain9b@feedburner.com,"713-699-1324",Analyst Programmer,2022-02-14,1,Marjy Rain,,"568 Oneill Way",Houston,Texas,South,0
29,mserjent1d@ucla.edu,"704-894-7167",Computer Systems Analyst II,2015-03-11,1,Marla Serjent,Divorced,"503 Moland Hill",Charlotte,North Carolina,South,0
53,misaakid@shutterfly.com,"702-502-3756",Marketing Manager,2014-06-02,1,Marlane Isaak,Divorced,"42 Sugar Plaza",Las Vegas,Nevada,West,0
24,mlammers9a@dedecms.com,"904-343-5186",Physical Therapy Assistant,2017-07-07,1,Marlena Lammers,Married,"233 Valley Edge Center",Jacksonville,Florida,South,0
48,mperigoe1a@geocities.jp,"260-987-6437",Librarian,2015-02-21,1,Marlo Perigoe,Single,"53 Bobwhite Drive",Fort Wayne,Indiana,Midwest,0
24,mdubberjz@mayoclinic.com,"816-616-3137",Budget/Accounting Analyst III,2020-04-10,1,Marney Dubber,Single,"6311 Algoma Trail",Kansas City,Missouri,Midwest,0
47,mmcconwayh9@ca.gov,"812-143-8606",Senior Sales Associate,2018-08-26,1,Marshall Mcconway,Separated,"61267 Stang Park",Terre Haute,Indiana,Midwest,0
22,mbradbrookl8@nih.gov,"804-115-5137",Teacher,2016-02-21,1,Martguerita Bradbrook,Single,"84443 Milwaukee Way",Richmond,Virginia,South,0
25,mbewleyam@cnet.com,"805-992-1130",Developer IV,2019-12-25,1,Martie Bewley,Married,"665 8th Street",San Luis Obispo,California,West,0
47,mcrumbn2@taobao.com,"312-923-4744",Automation Specialist II,2019-09-09,1,Martie Crumb,Married,"5940 Kennedy Pass",Chicago,Illinois,Midwest,0
43,methertonnk@woothemes.com,"559-439-4151",Financial Advisor,2017-03-16,1,Martina Etherton,Single,"12080 Kensington Crossing",Fresno,California,West,0
62,mkeelingc8@google.com.br,"907-761-9224",Director of Sales,2015-12-15,1,Marty Keeling,Married,"081 Roxbury Crossing",Anchorage,Alaska,West,0
45,mlouw6y@dailymotion.com,"812-261-9056",Chemical Engineer,2017-02-18,1,Martyn Louw,Married,"7 Hauk Avenue",Evansville,Indiana,Midwest,0
20,mdimmackfu@github.io,"234-852-8194",Computer Systems Analyst I,2019-10-17,1,Marv Dimmack,Single,"781 Sommers Trail",Canton,Ohio,Midwest,0
40,mskeathqo@tinyurl.com,"651-184-4114",Junior Executive,2012-10-10,1,Marwin Skeath,Married,"9636 Cambridge Junction",Minneapolis,Minnesota,Midwest,0
43,mliggett8s@typepad.com,"801-480-3813",Account Executive,2017-10-26,1,Masha Liggett,Divorced,"2709 Hoffman Circle",Salt Lake City,Utah,West,0
51,mladdlelm@lycos.com,"773-392-4251",Software Consultant,2014-06-20,1,Mathias Laddle,Divorced,"2 Marquette Pass",Chicago,Illinois,Midwest,0
27,mquennell5t@deviantart.com,"916-996-4961",Database Administrator IV,2020-11-20,1,Matias Quennell,Separated,"27 Park Meadow Court",Sacramento,California,West,0
28,mrobakp8@blogs.com,"818-412-4362",Developer III,2019-02-18,1,Mattias Robak,Single,"11 Waywood Avenue",Santa Monica,California,West,0
28,mhayfieldpr@bravesites.com,"412-186-5681",Statistician II,2021-08-13,1,Maure Hayfield,Separated,"41 Independence Center",Pittsburgh,Pennsylvania,Northeast,0
54,mkidstonemq@nationalgeographic.com,"253-975-9235",Geological Engineer,2016-10-06,1,Maurie Kidstone,Single,"199 Spohn Drive",Tacoma,Washington,West,0
67,mbooyqz@w3.org,"248-299-2932",Data Coordiator,2018-02-08,1,Maurine Booy,Married,"68 Waxwing Pass",Farmington,Michigan,Midwest,0
56,mgirodon7g@photobucket.com,"347-328-9156",Sales Associate,2015-01-31,1,Maurita Girodon,Married,"151 Ilene Plaza",Brooklyn,New York,Northeast,0
22,mbagleydt@scribd.com,"979-601-7298",Help Desk Technician,2016-10-24,1,Maury Bagley,Married,"2 Trailsway Junction",College Station,Texas,South,0
53,mtrittamm3@amazon.co.uk,"314-760-8709",General Manager,2020-08-02,1,Maury Trittam,Single,"983 Hansons Trail",Saint Louis,Missouri,Midwest,0
39,mveritycq@washingtonpost.com,"302-100-1173",Legal Assistant,2016-01-26,1,Maxi Verity,Married,"2663 Logan Way",Wilmington,Delaware,South,0
40,mwillimottcm@auda.org.au,"410-542-6041",Graphic Designer,2019-03-28,1,Maximilianus Willimott,Divorced,"889 Lukken Street",Baltimore,Maryland,South,0
49,mrump94@accuweather.com,"312-916-7116",Programmer Analyst I,2013-12-03,1,Maxwell Rump,Married,"84949 Pierstorff Plaza",Chicago,Illinois,Midwest,0
63,mbonyen@illinois.edu,"720-216-0137",Administrative Assistant II,2016-08-23,1,Meggi Bony,Married,"4535 Independence Hill",Denver,Colorado,West,0
39,mwhittondk@youtu.be,"336-655-9277",Senior Sales Associate,2012-01-06,1,Meghan Whitton,Married,"4062 Wayridge Parkway",Winston Salem,North Carolina,South,0
34,mpalombaqx@umich.edu,"623-822-6831",Civil Engineer,2019-09-30,1,Meier Palomba,Married,"3557 Thompson Trail",Phoenix,Arizona,West,0
37,mstoddardng@mozilla.org,"302-221-5073",Clinical Specialist,2022-03-04,1,Meir Stoddard,Married,"6754 Moose Way",Wilmington,Delaware,South,0
59,mdeqk@fc2.com,"214-514-5921",Structural Engineer,2020-06-23,1,Melba De Tocqueville,Divorced,"5024 Kim Drive",Dallas,Texas,South,0
40,mdonaghied4@discovery.com,"574-289-3222",Food Chemist,2015-12-16,1,Melisa Donaghie,Married,"32 Hollow Ridge Parkway",South Bend,Indiana,Midwest,0
37,mhosier6e@earthlink.net,"415-864-3133",Senior Developer,2018-07-12,1,Melisenda Hosier,Married,"5797 Green Ridge Place",San Francisco,California,West,0
31,mleupoldjj@elpais.com,"651-718-9049",Project Manager,2013-12-19,1,Melisent Leupold,Divorced,"322 Forster Center",Saint Paul,Minnesota,Midwest,0
49,mpioli2f@wikia.com,"317-948-2468",Data Coordiator,2015-08-19,1,Melisse Pioli,Married,"9 Calypso Avenue",Indianapolis,Indiana,Midwest,0
38,mcapunnd@who.int,"206-318-9210",Biostatistician III,2017-10-15,1,Mellisent Capun,Married,"8054 Meadow Ridge Crossing",Seattle,Washington,West,0
38,mabsonf4@springer.com,"208-636-1865",Compensation Analyst,2015-07-06,1,Melodee Abson,Separated,"4 East Trail",Boise,Idaho,West,0
46,malexandrescu8@state.gov,"504-918-4753",Systems Administrator III,1921-03-12,1,Mendie Alexandrescu,Single,"34 Delladonna Terrace",New Orleans,Louisiana,South,1
37,mbatistemw@princeton.edu,"571-115-7092",Chemical Engineer,2016-01-10,1,Mercie Batiste,Divorced,"794 Nobel Drive",Springfield,Virginia,South,0
24,mdionisift@dell.com,"312-461-9551",Account Coordinator,2018-12-31,1,Meriel Dionisi,Married,"5 West Place",Chicago,Illinois,Midwest,0
29,mmcevillyhw@ucoz.ru,"919-742-3244",Analyst Programmer,2017-01-30,1,Merill Mcevilly,Separated,"49 Summer Ridge Center",Raleigh,North Carolina,South,0
29,mchrippesmp@accuweather.com,"302-248-5604",Staff Accountant I,2015-07-13,1,Merlina Chrippes,Married,"05 Gateway Court",Newark,Delaware,South,0
38,mlightowlerm7@digg.com,"954-835-3361",Product Engineer,2021-05-26,1,Merrick Lightowler,Married,"9911 Southridge Point",Fort Lauderdale,Florida,South,0
51,mofo@theglobeandmail.com,"865-938-1990",Budget/Accounting Analyst II,1917-03-03,1,Merridie O' Dornan,Married,"53585 Pepper Wood Way",Knoxville,Tennessee,South,1
36,mwearnht@nature.com,"336-710-4991",Chief Design Engineer,2018-03-08,1,Merrilee Wearn,Married,"45804 Dottie Alley",Winston Salem,North Carolina,South,0
42,mtannnc@amazonaws.com,"817-828-1894",Physical Therapy Assistant,2022-02-23,1,Mersey Tann,Divorced,"0709 Barby Plaza",Fort Worth,Texas,South,0
44,msandbrookjm@patch.com,"585-244-8825",,2015-04-29,1,Merwyn Sandbrook,Married,"8 Buhler Center",Rochester,New York,Northeast,0
42,mlummus17@huffingtonpost.com,"713-145-7963",Dental Hygienist,2015-03-30,1,Meta Lummus,Divorced,"9847 Anniversary Hill",Houston,Texas,South,0
33,mhowsing6@hp.com,"918-944-1685",Software Test Engineer IV,2015-07-16,1,Meyer Howsin,Married,"49174 Troy Drive",Tulsa,Oklahoma,South,0
52,mcraddockjh@hhs.gov,"757-127-3344",VP Quality Control,2017-11-24,1,Michaeline Craddock,Married,"97 Clarendon Terrace",Virginia Beach,Virginia,South,0
37,msharpled5@myspace.com,"864-363-4730",,2020-06-15,1,Michaeline Sharple,Married,"82865 Vahlen Plaza",Anderson,South Carolina,South,0
36,mmahoodg2@hubpages.com,"916-542-1645",Senior Financial Analyst,2020-09-26,1,Michelle Mahood,Separated,"782 Sommers Lane",Sacramento,California,West,0
35,mironside80@google.co.uk,"602-443-5024",Assistant Professor,2015-05-22,1,Micky Ironside,Separated,"96080 Mifflin Road",Glendale,Arizona,West,0
53,mjohannesson50@squidoo.com,"864-566-7014",Internal Auditor,2017-11-12,1,Mikel Johannesson,Divorced,"1 Schiller Way",Greenville,South Carolina,South,0
27,mconnar5f@mtv.com,"509-540-4865",,2017-04-09,1,Mikol Connar,Single,"6 Express Way",Spokane,Washington,West,0
47,mroaff1@mapquest.com,"951-416-2290",Help Desk Technician,2018-10-01,1,Milicent Roaf,Married,"53 Pond Crossing",Riverside,California,West,0
57,mkestellay@shareasale.com,"816-964-6153",Health Coach I,2016-04-28,1,Milissent Kestell,Divorced,"82845 Norway Maple Way",Kansas City,Missouri,Midwest,0
53,mkniveton35@archive.org,"469-861-5680",Sales Representative,2019-10-11,1,Milissent Kniveton,Married,"792 Oakridge Court",Dallas,Texas,South,0
39,mfantial@joomla.org,"330-939-4042",Business Systems Development Analyst,2020-11-16,1,Miller Fanti,Divorced,"9 Larry Point",Youngstown,Ohio,Midwest,0
24,mderoberta3@uol.com.br,"480-354-4075",Computer Systems Analyst I,2017-06-11,1,Minda Derobert,Single,"0863 4th Lane",Scottsdale,Arizona,West,0
28,mbourgourd9k@xinhuanet.com,"303-441-0137",Pharmacist,2015-06-26,1,Mindy Bourgourd,Divorced,"0 Basil Place",Arvada,Colorado,West,0
40,mhymusc1@va.gov,"615-653-4911",Graphic Designer,2016-06-04,1,Miner Hymus,Single,"12572 Farwell Street",Nashville,Tennessee,South,0
25,mtimewell1g@devhub.com,"775-233-9528",Senior Financial Analyst,2022-03-10,1,Minetta Timewell,Married,"25 Village Place",Carson City,Nevada,West,0
33,mpurvessk9@ucoz.ru,"423-795-1884",Compensation Analyst,2014-05-22,1,Minna Purvess,Married,"5 Sycamore Center",Kingsport,Tennessee,South,0
31,mpargiterm5@apache.org,"813-112-6848",Teacher,2022-01-15,1,Minnaminnie Pargiter,Married,"78 Kinsman Circle",Tampa,Florida,South,0
28,mprattye2@europa.eu,"719-529-9548",Sales Associate,2014-12-11,1,Mirella Del Toro,Married,"4 Mesta Pass",Pueblo,Colorado,West,0
27,mwood97@i2i.jp,"217-966-6058",Recruiter,2012-01-16,1,Mirilla Wood,Married,"54 Westport Court",Springfield,Illinois,Midwest,0
30,mnaismithb8@biblegateway.com,"310-764-6653",Social Worker,2015-07-29,1,Misha Naismith,Married,"00951 Banding Place",Torrance,California,West,0
24,mkinghamip@shutterfly.com,"415-751-6192",Financial Advisor,2019-08-24,1,Missie Kingham,Married,"7 Riverside Trail",San Francisco,California,West,0
33,mriggollgp@angelfire.com,"214-585-2563",Environmental Specialist,2013-07-25,1,Missie Riggoll,Single,"44148 Valley Edge Center",Dallas,Texas,South,0
25,msnaithfd@creativecommons.org,"414-936-7402",Mechanical Systems Engineer,2018-10-16,1,Mohammed Snaith,Divorced,"02 Jenifer Trail",Milwaukee,Wisconsin,Midwest,0
38,mpeeverb@ed.gov,"805-968-3034",Programmer I,2015-08-01,1,Mohandas Peever,Single,"0 Lukken Plaza",Bakersfield,California,West,0
25,mfontinjh@unc.edu,"917-902-7949",Desktop Support Technician,2016-08-18,1,Mommy Fontin,Single,"4319 Sloan Place",Jamaica,New York,Northeast,0
644,mlathame5@dailymotion.com,"210-522-8041",Administrative Officer,2021-02-13,1,Montague Latham,Married,"0 Buhler Plaza",San Antonio,Texas,South,1
37,moverellk@nydailynews.com,"513-379-6486",Web Designer I,2018-08-15,1,Morrie Overell,Divorced,"53061 Hoffman Park",Cincinnati,Ohio,Midwest,0
54,mpaik99@si.edu,"330-337-2909",Geologist IV,2019-01-24,1,Mort Paik,Single,"58 Petterle Point",Akron,Ohio,Midwest,0
66,msquires9c@blogtalkradio.com,"973-388-6288",Senior Quality Engineer,2017-03-29,1,Mortie Squires,Single,"42 Westend Street",Jersey City,New Jersey,Northeast,0
23,mcouthh1@cdbaby.com,"334-984-9514",Recruiter,2020-06-10,1,Morty Couth,Married,"39334 Ludington Hill",Montgomery,Alabama,South,0
19,mmarnanehr@devhub.com,"318-244-9404",Assistant Manager,2021-02-23,1,Moselle Marnane,Divorced,"8 Shoshone Trail",Boston,Massachusetts,Northeast,0
33,mdavid2n@cmu.edu,"208-687-7711",Legal Assistant,2019-10-28,1,Mozelle David,Married,"4247 Norway Maple Drive",Idaho Falls,Idaho,West,0
47,mpiggot1d@liveinternet.ru,"719-656-8394",Assistant Media Planner,2015-09-27,1,Mufi Piggot,Single,"768 Forest Terrace",Colorado Springs,Colorado,West,0
66,myakubov30@gmpg.org,"202-141-3196",General Manager,2016-09-26,1,Munmro Yakubov,Single,"82305 Algoma Parkway",Washington,District of Columbia,South,0
38,msussams46@github.io,"915-392-2631",Human Resources Manager,2020-12-24,1,Murielle Sussams,Single,"817 Dakota Junction",El Paso,Texas,South,0
26,mduiguiddb@issuu.com,"757-443-1275",Computer Systems Analyst I,2015-08-31,1,Myer Duiguid,Married,"72257 Del Mar Road",Virginia Beach,Virginia,South,0
21,msabates7c@google.fr,"601-957-3457",Pharmacist,2015-01-16,1,Myrah Sabates,Single,"04 Kinsman Circle",Jackson,Mississippi,South,0
32,mocahernyok@4shared.com,"816-894-5578",Developer II,2012-06-09,1,Myrilla O'caherny,Married,"25 Texas Point",Kansas City,Missouri,Midwest,0
27,mkenrightn4@exblog.jp,"415-793-0315",Web Designer III,2016-04-04,1,Myrta Kenright,Married,"4 Lakewood Way",San Francisco,California,West,0
32,msopphj@spiegel.de,"208-420-4799",Business Systems Development Analyst,2019-05-17,1,Myrtice Sopp,Single,"81677 Merry Circle",Boise,Idaho,West,0
45,mmorman23@phpbb.com,"781-733-1210",Health Coach IV,2018-02-10,1,Myrtle Morman,Single,"6034 Hollow Ridge Road",Newton,Massachusetts,Northeast,0
20,mbaroche8x@go.com,"616-925-4010",Developer III,2022-01-24,1,Myrvyn Baroche,Married,"97442 Valley Edge Avenue",Grand Rapids,Michigan,Midwest,0
34,nfaudrieou@sourceforge.net,"513-368-8086",Executive Secretary,2016-09-17,1,Nadeen Faudrie,Married,"6 Jenna Place",Cincinnati,Ohio,Midwest,0
49,nlabrouemz@mit.edu,"619-822-2578",Accountant IV,2017-07-26,1,Nadiya Labroue,Married,"6 Basil Road",San Diego,California,West,0
41,ndrachels@imgur.com,"817-787-6506",Social Worker,2012-04-07,1,Nahum Drache,Separated,"5 Hudson Road",Fort Worth,Texas,South,0
28,nlehmannd4@t.co,"915-860-6048",Associate Professor,2014-11-02,1,Nani Lehmann,Divorced,"967 Brown Circle",El Paso,Texas,South,0
24,narchbaldmi@soundcloud.com,"314-601-2737",Help Desk Operator,2017-11-05,1,Nannette Archbald,Single,"55 Lerdahl Pass",Saint Louis,Missouri,Midwest,0
44,npurcellpq@mail.ru,"562-514-8961",Physical Therapy Assistant,2017-08-05,1,Nathalia Purcell,Married,"2900 Village Green Point",Long Beach,California,West,0
41,nkensholecb@wordpress.org,"320-490-6066",Paralegal,2016-06-19,1,Nealon Kenshole,Married,"233 Di Loreto Hill",Saint Cloud,Minnesota,Midwest,0
30,nsidneyoa@unicef.org,"262-960-7194",Legal Assistant,2017-06-05,1,Neile Sidney,Married,"911 Union Street",Milwaukee,Wisconsin,Midwest,0
52,nmyotth@devhub.com,"310-568-7910",Marketing Assistant,2019-01-15,1,Neill Myott,Married,"9 Browning Pass",Santa Monica,California,West,0
32,nbacupdk@cornell.edu,"914-531-2480",Payment Adjustment Coordinator,2018-09-02,1,Nelle Bacup,Married,"429 Sage Plaza",White Plains,New York,Northeast,0
28,nsellwoodiw@vinaora.com,"626-679-7205",Senior Financial Analyst,2015-01-12,1,Nelson Sellwood,Married,"61336 Bashford Pass",Pasadena,California,West,0
41,naizikovcx@i2i.jp,"706-153-1551",Account Representative II,2018-05-26,1,Nerita Aizikov,Single,"01522 Gerald Alley",Augusta,Georgia,South,0
33,nduntonpw@technorati.com,"703-896-7658",Food Chemist,2021-12-25,1,Nerti Dunton,Married,"9052 North Parkway",Silver Spring,Maryland,South,0
19,nblounte0@hp.com,"850-581-9668",Health Coach II,2019-05-08,1,Nessi Blount,Divorced,"30 Mccormick Street",Tallahassee,Florida,South,0
38,nelcott1k@marriott.com,"215-511-6375",Biostatistician II,2017-10-22,1,Nessi Elcott,Married,"85 Magdeline Terrace",Philadelphia,Pennsylvania,Northeast,0
28,npeattr1@wikispaces.com,"330-262-3963",Product Engineer,2017-06-22,1,Nestor Peatt,Married,"264 Lakeland Terrace",Canton,Ohio,Midwest,0
65,nbradberry1j@redcross.org,"727-426-7816",Administrative Officer,2017-12-09,1,Nettie Bradberry,Single,"858 Northridge Terrace",Saint Petersburg,Florida,South,0
67,nhammelbergro@weather.com,"423-943-8510",Senior Financial Analyst,2016-04-23,1,Netty Hammelberg,Single,"376 Dapin Place",Kingsport,Tennessee,South,0
38,nbannester9v@barnesandnoble.com,"310-245-5544",Quality Engineer,2015-12-23,1,Nevile Bannester,Married,"715 Brentwood Point",San Francisco,California,West,0
55,naxcellpf@smh.com.au,"941-609-7983",Nurse,2017-01-04,1,Niall Axcell,Married,"832 Kings Plaza",Port Charlotte,Florida,South,0
46,ncrosserjv@imgur.com,"954-707-4900",Technical Writer,2015-11-11,1,Niccolo Crosser,,"0155 Kensington Avenue",Hollywood,Florida,South,0
44,nstorm67@furl.net,"415-696-9237",Graphic Designer,2019-02-15,1,Nichols Storm,Married,"48508 Ryan Drive",San Francisco,California,West,0
66,nfilliskirkd5@newsvine.com,"410-848-2272",Geologist IV,2021-06-18,1,Nicki Filliskirk,Married,"7657 Alpine Plaza",Baltimore,Maryland,South,0
43,nhurche4s@wix.com,"757-208-8173",Librarian,2015-04-24,1,Nicki Hurche,Divorced,"95 Rigney Street",Suffolk,Virginia,South,0
25,nastupenaso8@networkadvertising.org,"405-245-2074",Software Engineer II,2015-05-19,1,Nickie Astupenas,Married,"71 Bowman Way",Oklahoma City,Oklahoma,South,0
39,nwhaphambb@yahoo.com,"850-119-0033",Nurse Practicioner,2020-03-04,1,Nickolai Whapham,Married,"9 Bartelt Point",Panama City,Florida,South,0
62,ncuttellm4@icq.com,"404-492-5679",Analyst Programmer,2016-02-04,1,Nicky Cuttell,Married,"46189 Commercial Court",Atlanta,Georgia,South,0
52,neuesdenm2@ezinearticles.com,"915-994-4307",Office Assistant IV,2018-05-31,1,Nicolea Euesden,Married,"8916 Kinsman Crossing",El Paso,Texas,South,0
48,nthorburnqz@berkeley.edu,"732-871-7129",Health Coach IV,2012-11-19,1,Nicoline Thorburn,Single,"6106 Lakewood Gardens Junction",New Brunswick,New Jersey,Northeast,0
51,ngoodallkb@symantec.com,"859-965-5159",Financial Analyst,2017-07-10,1,Niels Goodall,Single,"89 Muir Junction",Lexington,Kentucky,South,0
50,nkingham47@photobucket.com,"954-188-2408",GIS Technical Architect,2016-01-25,1,Niki Kingham,Married,"2374 Monterey Place",Fort Lauderdale,Florida,South,0
62,nlorenzettoj8@ustream.tv,"310-811-8279",,2021-01-20,1,Niki Lorenzetto,Single,"7 Ronald Regan Parkway",Inglewood,California,West,0
31,nbarajazi0@walmart.com,"317-821-7536",Graphic Designer,2017-06-08,1,Nikolai Barajaz,Separated,"51 Sommers Trail",Indianapolis,Indiana,Midwest,0
35,nkenanew@boston.com,"225-863-9128",Project Manager,2015-06-21,1,Nikolia Kenan,Married,"29775 Buell Hill",Baton Rouge,Louisiana,South,0
19,nansteyl1@alexa.com,"301-437-0317",Financial Advisor,2020-11-06,1,Niles Anstey,Married,"00 Hauk Hill",Silver Spring,Maryland,South,0
59,niglesiasms@4shared.com,"540-835-4463",Software Consultant,2019-05-22,1,Nilson Iglesias,Married,"93 Pierstorff Place",Roanoke,Virginia,South,0
18,nparamordy@google.nl,"585-368-8730",Database Administrator II,2019-09-22,1,Ninetta Paramor,Single,"970 Starling Road",Rochester,New York,Northeast,0
41,nenokssonld@businessweek.com,"814-973-5769",Web Designer III,2015-03-17,1,Nisse Enoksson,Separated,"599 Hanover Plaza",Erie,Pennsylvania,Northeast,0
44,njanuaryp@youtu.be,"415-318-7190",Chemical Engineer,2017-07-29,1,Nixie January,,"65 Stephen Circle",San Francisco,California,West,0
23,nhaines3i@reference.com,"502-517-9633",GIS Technical Architect,2020-09-28,1,Noak Haines,Single,"29 7th Place",Migrate,Kentucky,South,0
48,nstuddeardlw@bluehost.com,"614-218-2891",VP Quality Control,2015-06-11,1,Nobe Studdeard,Married,"2978 Lighthouse Bay Street",Columbus,Ohio,Midwest,0
51,nbolderobx@blinklist.com,"915-591-9005",Account Coordinator,2021-07-14,1,Nobie Boldero,,"34 Vera Plaza",San Juan,Puerto Rico,Other/International,0
56,nkilliamf8@china.com.cn,"718-762-9818",Business Systems Development Analyst,2019-05-27,1,Noella Killiam,Married,"68 Shoshone Street",Bronx,New York,Northeast,0
35,naldersey96@buzzfeed.com,"775-781-4712",Systems Administrator II,2013-10-05,1,Noellyn Aldersey,Single,"96 Commercial Drive",Reno,Nevada,West,0
19,nsturtmt@jigsy.com,"760-450-7000",Community Outreach Specialist,2018-07-25,1,Nolana Sturt,Separated,"8 Weeping Birch Crossing",Carlsbad,California,West,0
31,ndensonkb@senate.gov,"757-259-4283",Media Manager II,2021-12-05,1,Nollie Denson,Married,"796 Columbus Terrace",Suffolk,Virginia,South,0
51,nblockwellqa@cbsnews.com,"410-635-9014",VP Quality Control,2020-04-11,1,Noreen Blockwell,Separated,"4 Ridge Oak Way",Baltimore,Maryland,South,0
55,ntysonmu@telegraph.co.uk,"516-375-0292",Tax Accountant,2018-07-02,1,Norina Tyson,Single,"658 Londonderry Trail",Great Neck,New York,Northeast,0
36,nsiviourg8@princeton.edu,"916-285-3281",VP Quality Control,2012-10-01,1,Normy Siviour,Married,"24591 Shasta Point",Sacramento,California,West,0
29,ntrouncermn@census.gov,"704-947-4046",Help Desk Operator,2020-03-18,1,Northrop Trouncer,Divorced,"3 Chive Lane",Charlotte,North Carolina,South,0
40,ndinnington5a@sphinn.com,"714-503-5244",Mechanical Systems Engineer,2018-07-27,1,Norton Dinnington,Married,"758 Buell Road",Newport Beach,California,West,0
41,nhayworthq0@microsoft.com,"760-811-2333",Actuary,2016-09-10,1,Nye Hayworth,Divorced,"9945 Hayes Plaza",Los Angeles,California,West,0
27,omaccaughen1o@naver.com,"815-990-8611",Junior Executive,2012-01-27,1,Obed Maccaughen,Married,"7069 Valley Edge Alley",Joliet,Illinois,Midwest,0
27,omaccaughen1o@naver.com,"815-990-8611",Junior Executive,2012-01-27,1,Obed Maccaughen,Separated,"7069 Valley Edge Alley",Joliet,Illinois,Midwest,0
53,ogiuroniee@51.la,"830-531-5426",Marketing Assistant,2013-09-09,1,Odetta Giuroni,Married,"0491 Merry Center",San Antonio,Texas,South,0
29,otapply98@reuters.com,"304-382-3490",Media Manager II,2017-02-08,1,Odetta Tapply,Married,"525 Towne Alley",Huntington,West Virginia,South,0
46,otomczynskipi@lycos.com,"205-248-7698",General Manager,2016-02-28,1,Odey Tomczynski,Married,"4376 Corscot Trail",Birmingham,Alabama,South,0
55,osimogj@hibu.com,"916-754-2429",Nuclear Power Engineer,2021-10-04,1,Ofelia Simo,Married,"956 3rd Lane",Sacramento,California,West,0
48,obeinischnl@blog.com,"210-841-9964",Speech Pathologist,2012-09-07,1,Olenka Beinisch,Married,"5509 Ilene Trail",San Antonio,Texas,South,0
42,odapu@creativecommons.org,"570-979-5756",Mechanical Systems Engineer,2017-06-23,1,Olenolin Da Costa,Married,"06 Pankratz Crossing",Scranton,Pennsylvania,Northeast,0
45,oalejandreex@gmpg.org,"312-539-3470",Senior Sales Associate,2021-06-15,1,Olin Alejandre,Married,"7 Scoville Trail",Chicago,Illinois,Midwest,0
21,omckyrrellygp@sohu.com,"520-561-7145",Software Engineer II,2015-02-15,1,Oliviero Mckyrrelly,Married,"0606 Shoshone Parkway",Tucson,Arizona,West,0
63,ohedworthfd@blogger.com,"971-946-5797",Human Resources Assistant I,2016-11-15,1,Olly Hedworth,Single,"5 6th Hill",Portland,Oregon,West,0
66,ogreggsmy@economist.com,"423-588-4825",GIS Technical Architect,2015-10-10,1,Olvan Greggs,Married,"71923 Hazelcrest Road",Chattanooga,Tennessee,South,0
28,omcgluekr@gmpg.org,"941-886-7503",VP Sales,2015-08-12,1,Olwen Mcglue,Married,"3 Tennyson Center",Port Charlotte,Florida,South,0
66,ofootittao@accuweather.com,"865-924-6567",Office Assistant III,2020-02-18,1,Onofredo Footitt,Married,"26471 Buena Vista Center",Knoxville,Tennessee,South,0
52,obrowncey79@hc360.com,"415-242-9567",Senior Financial Analyst,2016-02-19,1,Oralie Browncey,Married,"32907 Doe Crossing Center",Oakland,California,West,0
25,ocorderoyfu@diigo.com,"847-521-3172",Environmental Specialist,2018-04-07,1,Orbadiah Corderoy,Divorced,"6 Hintze Street",Palatine,Illinois,Midwest,0
47,odeq@angelfire.com,"754-335-9080",Safety Technician II,2021-10-11,1,Orran De Cleyne,Separated,"58445 Hovde Drive",Pompano Beach,Florida,South,0
38,oofeenyh8@mac.com,"210-427-7585",Accountant IV,2021-06-26,1,Orrin O'feeny,Married,"4 Melby Court",San Antonio,Texas,South,0
38,ogainsefordql@deviantart.com,"804-358-0811",Recruiter,2020-04-07,1,Osbourne Gainseford,Married,"92 Autumn Leaf Crossing",Richmond,Virginia,South,0
31,oilyukhovot@ocn.ne.jp,"706-592-7561",Tax Accountant,2021-04-12,1,Oswell Ilyukhov,Married,"8595 Lyons Parkway",Athens,Georgia,South,0
34,oguiseez@addthis.com,"786-383-7845",Software Consultant,2020-06-19,1,Othella Guise,Married,"11530 Butternut Hill",Miami,Florida,South,0
22,pcoenraetspr@t.co,"614-288-5223",Director of Sales,2021-02-14,1,Paddie Coenraets,Married,"81378 Rowland Road",Columbus,Ohio,Midwest,0
47,pdiqe@epa.gov,"757-396-5797",Physical Therapy Assistant,2021-04-03,1,Pam Di Batista,Single,"93871 Cottonwood Place",Virginia Beach,Virginia,South,0
31,plambinch@addthis.com,"704-437-5178",Senior Developer,2012-12-22,1,Pamela Lambin,Married,"14968 Coolidge Park",Charlotte,North Carolina,South,0
40,ppenneyu@yale.edu,"304-142-2436",VP Product Management,2013-03-19,1,Pamelina Penney,Divorced,"93 American Ash Court",Huntington,West Virginia,South,0
41,psearstonlg@theatlantic.com,"714-531-8786",Director of Sales,2018-08-25,1,Pammi Searston,Married,"384 Summit Alley",Anaheim,California,West,0
45,pjosseie@artisteer.com,"775-872-3145",Legal Assistant,2015-06-24,1,Pammy Josse,Married,"55306 Luster Street",Reno,Nevada,West,0
40,pspellissypd@pen.io,"225-538-0935",Nuclear Power Engineer,2014-05-01,1,Pancho Spellissy,Single,"90439 Dryden Place",Baton Rouge,Louisiana,South,0
50,pconorba@parallels.com,"205-650-3622",Nuclear Power Engineer,2019-02-07,1,Parsifal Conor,Single,"72 Crest Line Parkway",Tuscaloosa,Alabama,South,0
56,pmeekinsg3@sakura.ne.jp,"816-575-3947",,2017-01-29,1,Pasquale Meekins,Single,"54830 Northport Crossing",Kansas City,Missouri,Midwest,0
54,paleshkov8u@typepad.com,"202-645-3831",,2013-11-21,1,Patric Aleshkov,Divorced,"0245 Village Center",Washington,District of Columbia,South,0
50,phedmanfa@youtu.be,"202-922-2713",Tax Accountant,2016-04-07,1,Patric Hedman,Separated,"5 Parkside Road",Washington,District of Columbia,South,0
18,pfleotepm@usnews.com,"202-656-0094",Database Administrator II,2019-02-02,1,Patricio Fleote,Divorced,"24315 Magdeline Crossing",Washington,District of Columbia,South,0
34,plunbech6j@deliciousdays.com,"415-362-3165",Mechanical Systems Engineer,2020-08-23,1,Patrizius Lunbech,Married,"0604 Knutson Circle",San Francisco,California,West,0
33,pheildq7@squarespace.com,"202-541-3055",Physical Therapy Assistant,2016-09-03,1,Pattie Heild,Single,"842 Truax Junction",Washington,District of Columbia,South,0
37,pdallicotteh@bloomberg.com,"612-571-4242",Physical Therapy Assistant,2016-01-20,1,Paulie Dallicott,Married,"09197 Tennessee Hill",Saint Paul,Minnesota,Midwest,0
32,pfidgett6s@flavors.me,"775-480-7570",Senior Sales Associate,2018-11-22,1,Paulie Fidgett,Divorced,"794 Bellgrove Crossing",Carson City,Nevada,West,0
67,pmclarnonz@addthis.com,"205-563-4216",Geological Engineer,2020-01-21,1,Paulina Mclarnon,Married,"9 Oneill Road",Birmingham,Alabama,South,0
62,ppoile29@so-net.ne.jp,"408-606-2943",Research Assistant III,2020-11-03,1,Pauline Poile,Single,"3 Golden Leaf Lane",San Jose,California,West,0
63,psimoesiv@sogou.com,"505-218-8965",Staff Accountant II,2019-10-16,1,Peadar Simoes,Married,"65 Mesta Center",Albuquerque,New Mexico,West,0
38,pchristiec@weibo.com,"801-964-0000",Financial Advisor,2021-05-01,1,Pearl Christie,Single,"32 Prentice Circle",Salt Lake City,Utah,West,0
28,pglasbey3l@dmoz.org,"623-530-8373",Librarian,2015-06-09,1,Pegeen Glasbey,Single,"7 Loftsgordon Road",Phoenix,Arizona,West,0
35,pfishley4d@lulu.com,"763-652-2574",Account Coordinator,2014-05-27,1,Peggi Fishley,Separated,"165 Nevada Plaza",Monticello,Minnesota,Midwest,0
35,pbudgeongb@cpanel.net,"608-843-7905",Compensation Analyst,2021-02-02,1,Peggie Budgeon,Separated,"37176 Ridgeview Plaza",Madison,Wisconsin,Midwest,0
46,pschreursiu@ucsd.edu,"602-119-2607",Research Nurse,2019-01-03,1,Pen Schreurs,Single,"618 1st Terrace",Tempe,Arizona,West,0
20,prushmarejr@opera.com,"718-299-6425",Legal Assistant,2015-06-30,1,Pepi Rushmare,Single,"913 Alpine Junction",Brooklyn,New York,Northeast,0
42,pletchap@businesswire.com,"210-746-0178",Web Designer IV,2021-11-02,1,Pepita Letch,Divorced,"89 Moulton Lane",San Antonio,Texas,South,0
25,pbeaudryby@de.vu,"419-234-1711",Project Manager,2019-10-19,1,Percival Beaudry,Married,"6781 2nd Alley",Toledo,Ohio,Midwest,0
55,pmanton95@woothemes.com,"864-897-8802",Occupational Therapist,2020-07-09,1,Percy Manton,Single,"00869 Marcy Place",Greenville,South Carolina,South,0
66,pwykey6v@usnews.com,"330-943-4251",Account Executive,2019-07-21,1,Perl Wykey,Single,"6172 Elgar Avenue",Canton,Ohio,Midwest,0
20,pnorthedgeb9@ca.gov,"334-463-8415",Computer Systems Analyst III,2019-05-25,1,Perren Northedge,Single,"149 6th Hill",Montgomery,Alabama,South,0
53,ppetyanini1@shinystat.com,"224-877-5464",Staff Scientist,2020-12-10,1,Peterus Petyanin,Married,"97028 Golf Course Center",Chicago,Illinois,Midwest,0
27,pglenwright76@istockphoto.com,"561-214-9713",Product Engineer,2019-01-12,1,Petr Glenwright,Single,"4 Southridge Parkway",Lake Worth,Florida,South,0
48,plowrance5y@seattletimes.com,"985-957-3933",Paralegal,2015-08-20,1,Petronia Lowrance,Married,"37834 Roth Lane",New Orleans,Louisiana,South,0
18,phazledv@businessweek.com,"301-774-7299",Internal Auditor,2017-05-31,1,Phedra Hazle,Single,"37472 Sommers Point",Bethesda,Maryland,South,0
31,pjenkenrg@squarespace.com,"503-455-7345",Web Developer I,2018-02-10,1,Philippe Jenken,Married,"851 Birchwood Hill",Salem,Oregon,West,0
40,ppiddickrp@hibu.com,"512-886-9162",Research Assistant III,2016-10-18,1,Phillip Piddick,Married,"767 Burning Wood Parkway",Austin,Texas,South,0
47,pmathiot37@arstechnica.com,"559-724-0754",Nurse Practicioner,2020-08-09,1,Phineas Mathiot,Divorced,"9487 Melby Circle",Fresno,California,West,0
26,pcapronlh@biblegateway.com,"917-203-8678",Physical Therapy Assistant,2016-10-20,1,Phylys Capron,Single,"794 Cottonwood Hill",New York City,New York,Northeast,0
27,phubboldl4@arizona.edu,"206-101-4922",Software Engineer III,2013-08-26,1,Pierce Hubbold,Married,"55492 Lien Avenue",Seattle,Washington,West,0
39,pshirtcliffeqg@webeden.co.uk,"917-899-0819",Legal Assistant,2017-03-14,1,Pierrette Shirtcliffe,Single,"1369 Anthes Parkway",Jamaica,New York,Northeast,0
31,pbonnaroq@vinaora.com,"801-920-1548",Recruiter,2021-11-22,1,Pietrek Bonnar,Married,"4226 International Street",Salt Lake City,Utah,West,0
48,pgallifont4z@amazon.com,"804-674-3320",Office Assistant II,2015-03-24,1,Piotr Gallifont,Married,"55603 Fremont Terrace",Richmond,Virginia,South,0
52,pflannigan52@utexas.edu,"212-376-5617",Paralegal,2018-02-17,1,Poppy Flannigan,Single,"187 Leroy Point",New York City,New York,Northeast,0
44,pbeaves14@live.com,"513-511-1495",Automation Specialist IV,2018-07-06,1,Portie Beaves,Single,"07 Twin Pines Trail",Cincinnati,Ohio,Midwest,0
32,pcoggonfm@photobucket.com,"309-615-7447",Engineer III,2018-07-25,1,Powell Coggon,Divorced,"7 Sachs Trail",Peoria,Illinois,Midwest,0
42,pepton59@oracle.com,"303-233-8382",Professor,2014-06-21,1,Prentiss Epton,,"58217 Holmberg Avenue",Boulder,Colorado,West,0
64,pdumingoht@webmd.com,"316-634-6412",Associate Professor,2017-05-18,1,Prince Dumingo,Single,"7 Nelson Way",Wichita,Kansas,Midwest,0
51,pmannock3s@sphinn.com,"570-923-5695",Speech Pathologist,2012-06-15,1,Prissie Mannock,Divorced,"2 Kenwood Court",Wilkes Barre,Pennsylvania,Northeast,0
57,pvaneha@economist.com,"857-566-9825",,2015-08-17,1,Pryce Vane,Married,"47983 7th Point",Newton,Massachusetts,Northeast,0
49,pdadswellhf@mit.edu,"860-720-7407",Automation Specialist IV,2021-01-28,1,Purcell Dadswell,Single,"1 Rockefeller Court",Hartford,Connecticut,Northeast,0
25,pgoudmanr0@example.com,"508-313-5995",Media Manager IV,2018-03-15,1,Pyotr Goudman,Married,"090 Iowa Street",Worcester,Massachusetts,Northeast,0
29,qskirvanept@simplemachines.org,"760-832-9053",VP Quality Control,2021-03-13,1,Quintana Skirvane,Single,"9 Miller Place",Carlsbad,California,West,0
43,qrehmci@foxnews.com,"754-794-4213",Web Developer I,2012-11-09,1,Quintilla Rehm,Married,"524 Colorado Plaza",Fort Lauderdale,Florida,South,0
30,qfrankcomb2q@liveinternet.ru,"757-203-2925",Automation Specialist I,2014-08-03,1,Quintin Frankcomb,Separated,"95 Hauk Lane",Norfolk,Virginia,South,0
47,qgiannonilt@jalbum.net,"860-844-9503",Electrical Engineer,2021-02-16,1,Quinton Giannoni,Single,"7099 Cordelia Lane",Hartford,Connecticut,Northeast,0
30,qcavetq9@mlb.com,"202-381-0685",Financial Advisor,2020-10-23,1,Quintus Cavet,Divorced,"7591 Acker Avenue",Washington,District of Columbia,South,0
47,rhenrycheu@multiply.com,"754-452-3950",Food Chemist,2017-11-08,1,Rabi Henrych,Married,"03134 Shopko Park",Fort Lauderdale,Florida,South,0
47,rsprullsdb@shinystat.com,"316-462-6857",Financial Analyst,2021-08-25,1,Rabi Sprulls,Married,"29 Caliangt Street",Atlanta,Georgia,South,0
32,rcuddera@bandcamp.com,"214-274-3944",Assistant Manager,2021-04-27,1,Rad Cudde,Divorced,"822 Butternut Pass",Dallas,Texas,South,0
60,rkarchewski3p@bravesites.com,"813-349-0943",Systems Administrator IV,2016-11-20,1,Radcliffe Karchewski,Single,"52 Cardinal Avenue",Zephyrhills,Florida,South,0
36,rhedges3v@marketwatch.com,"480-507-9164",Structural Engineer,2013-01-17,1,Rafael Hedges,Married,"8 Anthes Circle",Scottsdale,Arizona,West,0
68,rstanway90@fc2.com,"360-959-9643",Director of Sales,2020-09-25,1,Rafe Stanway,Divorced,"23085 Heffernan Lane",Seattle,Washington,West,0
32,rpersianji@ow.ly,"202-699-8513",Compensation Analyst,2021-05-10,1,Rafferty Persian,Separated,"45199 Mifflin Way",Washington,District of Columbia,South,0
53,rdeverai@biblegateway.com,"718-805-2956",Help Desk Technician,2022-03-27,1,Raine Dever,Separated,"0381 Corry Crossing",New York City,New York,Northeast,0
30,rfleay58@abc.net.au,"513-535-1242",Environmental Tech,2016-09-19,1,Rainer Fleay,Married,"19 Spaight Point",Cincinnati,Ohio,Midwest,0
59,rmacquistnq@w3.org,"217-167-2095",Marketing Manager,2018-07-09,1,Ramona Macquist,Single,"2470 1st Alley",Springfield,Illinois,Midwest,0
30,rorganr5@chron.com,"972-526-4114",Executive Secretary,2020-06-10,1,Ramsay Organ,Single,"1452 Autumn Leaf Way",Dallas,Texas,South,0
35,rdaala1@creativecommons.org,"571-955-3640",Senior Financial Analyst,2015-12-10,1,Rana Daal,Married,"44880 Southridge Plaza",Arlington,Virginia,South,0
22,rbrownsword70@hubpages.com,"814-974-5603",Systems Administrator IV,2017-04-11,1,Rancell Brownsword,Divorced,"3277 Merrick Hill",Erie,Pennsylvania,Northeast,0
41,rfeldheimax@cargocollective.com,"504-229-8866",Social Worker,2022-05-31,1,Randi Feldheim,Separated,"3 Glendale Pass",New Orleans,Louisiana,South,0
36,rmaccomiskey74@desdev.cn,"812-834-5737",Civil Engineer,2016-05-07,1,Randy Maccomiskey,Married,"8888 Petterle Park",Terre Haute,Indiana,Midwest,0
40,rfernihoughky@comsenz.com,"408-898-0177",Speech Pathologist,2021-01-22,1,Raphaela Fernihough,Divorced,"72 Debra Crossing",San Jose,California,West,0
43,rgoudmanp0@nymag.com,"518-742-4123",Developer II,2015-01-04,1,Raul Goudman,Divorced,"8 Sundown Point",Albany,New York,Northeast,0
51,rdonwellk3@salon.com,"816-583-1178",VP Product Management,2020-11-09,1,Raynard Donwell,Single,"5 Bellgrove Circle",Kansas City,Missouri,Midwest,0
55,rshirtcliffe17@youtube.com,"513-318-7270",Marketing Manager,2016-02-05,1,Reamonn Shirtcliffe,Divorced,"764 Hoard Way",Cincinnati,Ohio,Midwest,0
27,rlangabeer3d@apache.org,"914-542-6926",Programmer Analyst III,2017-10-28,1,Rebecka Langabeer,Married,"37567 Hauk Drive",Mount Vernon,New York,Northeast,0
48,rlenb@ning.com,"678-128-3068",Statistician III,2021-11-06,1,Redd Le Strange,Single,"03 Sauthoff Terrace",Atlanta,Georgia,South,0
39,rsimpoleg0@marketwatch.com,"202-343-7200",Accountant III,2016-01-21,1,Redd Simpole,Single,"9 Little Fleur Road",Washington,District of Columbia,South,0
37,rrambautm9@linkedin.com,"718-937-3894",Speech Pathologist,2016-02-08,1,Reeva Rambaut,Single,"4333 Burning Wood Hill",Bronx,New York,Northeast,0
48,rpeponda@boston.com,"210-436-3480",Cost Accountant,2014-02-12,1,Reina Pepon,Single,"5 Towne Street",San Antonio,Texas,South,0
35,rroozen2@marriott.com,"630-155-5765",Payment Adjustment Coordinator,2015-09-19,1,Reinaldos Rooze,Separated,"259 7th Circle",Aurora,Illinois,Midwest,0
52,rrowesbyi5@sourceforge.net,"304-198-8559",Desktop Support Technician,2013-05-09,1,Rem Rowesby,Married,"4584 Lotheville Parkway",Huntington,West Virginia,South,0
55,rsifflett8y@github.com,"813-616-8959",Statistician III,2017-03-10,1,Rem Sifflett,Single,"6774 Larry Point",Tampa,Florida,South,0
38,rshakshaftil@nps.gov,"217-694-0952",Compensation Analyst,2013-07-30,1,Renie Shakshaft,Separated,"888 Algoma Drive",Springfield,Illinois,Midwest,0
49,rantrum7d@sohu.com,"973-146-6192",Electrical Engineer,2016-06-23,1,Reube Antrum,Married,"00174 Messerschmidt Alley",Newark,New Jersey,Northeast,0
68,rocaheyre@cnn.com,"909-467-8857",Systems Administrator I,2015-05-20,1,Rex O'cahey,Married,"6 Shelley Alley",San Bernardino,California,West,0
39,rpettipheroh@hhs.gov,"571-818-9378",Pharmacist,2019-12-12,1,Rex Pettipher,Single,"2 Northwestern Place",Arlington,Virginia,South,0
67,rvanja@free.fr,"714-619-2838",Payment Adjustment Coordinator,2019-07-06,1,Reynold Van De Vlies,Married,"8848 Dahle Drive",Irvine,California,West,0
38,rbeachjw@npr.org,"315-808-1600",Geologist I,2018-02-23,1,Reynolds Beach,Married,"1 Eagan Plaza",Syracuse,New York,Northeast,0
61,rhendriksedl@boston.com,"863-286-3809",Nurse Practicioner,2016-05-06,1,Rhetta Hendrikse,Single,"7668 Nobel Crossing",Lehigh Acres,Florida,South,0
52,rbedeney@tiny.cc,"412-355-3851",Safety Technician III,2015-08-01,1,Rhodia Beden,Single,"14 Oxford Terrace",Mc Keesport,Pennsylvania,Northeast,0
26,rmaidstoneif@addthis.com,"574-305-9379",Web Developer I,2015-10-31,1,Rhonda Maidstone,Divorced,"49559 Hagan Terrace",South Bend,Indiana,Midwest,0
53,rdorsey6f@1688.com,"415-989-6214",Software Engineer I,2022-01-13,1,Rianon Dorsey,Single,"640 Birchwood Hill",San Francisco,California,West,0
33,rgrundle9q@mtv.com,"936-829-5777",Software Consultant,2015-11-25,1,Rianon Grundle,Married,"8 Dayton Way",Huntsville,Texas,South,0
36,recles8h@cam.ac.uk,"540-868-6430",Data Coordiator,2018-10-31,1,Ricca Ecles,Married,"08885 Linden Terrace",Roanoke,Virginia,South,0
24,rkerridgemo@sfgate.com,"347-321-5782",Automation Specialist III,2020-09-07,1,Rickie Kerridge,Divorced,"142 Springs Plaza",Bronx,New York,Northeast,0
58,rdavidekd@list-manage.com,"718-744-7528",Research Associate,2018-11-06,1,Rik Davidek,Single,"853 Debs Center",Staten Island,New York,Northeast,0
43,rdegliqr@storify.com,"334-904-4672",Business Systems Development Analyst,2014-01-31,1,Riki Degli Antoni,Married,"2 Northport Road",Montgomery,Alabama,South,0
23,rdobrovolnyfw@jiathis.com,"757-527-1960",VP Product Management,2017-03-10,1,Riordan Dobrovolny,Married,"94199 Village Green Place",Hampton,Virginia,South,0
41,rtodarinime@nifty.com,"704-814-4091",Junior Executive,2022-06-08,1,Riva Todarini,Divorced,"29 Lien Park",Charlotte,North Carolina,South,0
51,rchesself1@washington.edu,"619-802-0898",Registered Nurse,2020-03-21,1,Rivalee Chessel,Married,"19426 Badeau Parkway",San Diego,California,West,0
40,rguymerck@sciencedirect.com,"509-308-5718",Accounting Assistant IV,2017-08-14,1,Rivkah Guymer,Married,"0 Montana Street",Spokane,Washington,West,0
36,rhirjakqs@homestead.com,"701-189-5276",Senior Cost Accountant,2019-03-04,1,Roanne Hirjak,Married,"4274 Jay Court",Fargo,North Dakota,Midwest,0
26,rde24@ameblo.jp,"260-824-3786",Account Coordinator,2019-07-23,1,Rob De Souza,Single,"076 Continental Drive",Fort Wayne,Indiana,Midwest,0
49,rdemeza8p@t-online.de,"210-145-7704",Tax Accountant,2014-08-26,1,Robbin Demeza,Married,"2 Nova Lane",San Antonio,Texas,South,0
50,rbalsom8@census.gov,"810-307-5489",Editor,2022-01-19,1,Robbyn Balsom,Single,"273 Emmet Way",Detroit,Michigan,Midwest,0
23,rwiggall6l@photobucket.com,"913-811-6876",Research Assistant I,2016-01-01,1,Robena Wiggall,Single,"39 Bashford Parkway",Shawnee Mission,Kansas,Midwest,0
28,rleirmonthnf@telegraph.co.uk,"775-651-8246",Structural Analysis Engineer,2018-02-10,1,Roberta Leirmonth,Single,"08 Transport Trail",Reno,Nevada,West,0
52,rmeldingo6@nsw.gov.au,"954-237-8616",Senior Financial Analyst,2015-12-11,1,Robinette Melding,Divorced,"277 Onsgard Trail",Fort Lauderdale,Florida,South,0
52,rredihough29@google.com.hk,"619-347-5159",Librarian,2021-09-22,1,Robinette Redihough,Single,"3 Summerview Lane",San Diego,California,West,0
31,rjorden2p@bbc.co.uk,"806-449-2790",Senior Developer,2020-09-16,1,Rochester Jorden,Married,"531 Rockefeller Center",Lubbock,Texas,South,0
46,rcradick1@newsvine.com,"910-566-2007",Programmer III,2018-05-27,1,Rock Cradick,Married,"4 Harbort Avenue",Fayetteville,North Carolina,South,0
26,rgimbrettrr@google.ca,"713-436-2805",Account Executive,2015-04-25,1,Rockey Gimbrett,Married,"77 Dorton Crossing",Houston,Texas,South,0
31,rjestyqf@indiatimes.com,"302-460-9934",Quality Control Specialist,2019-08-15,1,Roda Jesty,Single,"4 Algoma Junction",Wilmington,Delaware,South,0
61,rvearncombe6g@google.it,"210-531-7551",Nurse,2016-02-28,1,Rodd Vearncombe,Single,"1436 Pleasure Place",San Antonio,Texas,South,0
30,rmettsbt@studiopress.com,"301-301-5268",Senior Quality Engineer,2018-01-10,1,Roddy Metts,Separated,"16270 Anhalt Way",Silver Spring,Maryland,South,0
24,rsiege43@last.fm,"503-841-6993",Software Engineer I,2019-07-23,1,Roddy Siege,Separated,"8 Logan Center",Beaverton,Oregon,West,0
55,rskinnergc@google.de,"805-754-2354",Account Representative II,2019-09-02,1,Roderick Skinner,Divorced,"9 Reindahl Park",Bakersfield,California,West,0
41,rnorcopp1@histats.com,"717-117-8703",Analyst Programmer,2017-08-24,1,Rodge Norcop,Divorced,"76 Sheridan Street",Harrisburg,Pennsylvania,Northeast,0
41,rharriagnnd@themeforest.net,"213-756-3777",Speech Pathologist,2020-12-28,1,Rodney Harriagn,Separated,"0 Northridge Point",Los Angeles,California,West,0
28,reaglingeu@google.co.jp,"860-974-5879",Media Manager I,2016-06-11,1,Rodolfo Eagling,Single,"16521 Kingsford Street",Hartford,Connecticut,Northeast,0
32,rsimkadv@weebly.com,"615-937-0768",Statistician II,2019-10-16,1,Rodolph Simka,Married,"4759 Calypso Parkway",Nashville,Tennessee,South,0
27,rstott3z@amazon.de,"804-644-2637",Geologist IV,2019-08-05,1,Rois Stott,Married,"5 Barnett Avenue",Richmond,Virginia,South,0
53,rellershaw7t@tiny.cc,"518-132-4571",Chemical Engineer,2015-08-03,1,Roley Ellershaw,Single,"10 Blaine Road",Albany,New York,Northeast,0
48,rantuonikv@prlog.org,"402-145-6428",Human Resources Manager,2014-01-25,1,Rollin Antuoni,Separated,"209 Summerview Way",Lincoln,Nebraska,Midwest,0
41,rpopham87@time.com,"414-885-9450",Operator,2019-12-30,1,Romain Popham,Married,"18 Sommers Trail",Milwaukee,Wisconsin,Midwest,0
44,rwise4o@prlog.org,"323-621-5722",,2020-05-08,1,Romain Wise,Married,"63098 Lukken Junction",Los Angeles,California,West,0
55,rleroyab@geocities.jp,"212-840-1657",Administrative Officer,2015-08-09,1,Romola Leroy,Married,"1234 Haas Avenue",New York City,New York,Northeast,0
47,rkaser3t@java.com,"501-873-7975",Data Coordiator,2014-09-19,1,Ronald Kaser,Single,"9671 Crowley Drive",Hot Springs National Park,Arkansas,South,0
51,rcowwellfv@usa.gov,"313-421-8058",Mechanical Systems Engineer,2013-06-29,1,Ronnie Cowwell,Married,"13 Kropf Avenue",Detroit,Michigan,Midwest,0
45,rsanchez2a@cbslocal.com,"330-292-4813",Design Engineer,2014-06-03,1,Ronnie Sanchez,Single,"3749 Weeping Birch Point",Akron,Ohio,Midwest,0
50,rewensdd@google.com.hk,"859-101-9203",Speech Pathologist,2020-12-13,1,Rooney Ewens,Divorced,"1 Moulton Park",Lexington,Kentucky,South,0
39,rdorward7q@elpais.com,"336-256-4505",Associate Professor,2018-10-20,1,Rori Dorward,Separated,"6961 Killdeer Pass",Greensboro,North Carolina,South,0
30,rlurcockn1@noaa.gov,"314-698-9372",Software Test Engineer I,2016-10-29,1,Rorie Lurcock,Married,"58 Golf Drive",Saint Louis,Missouri,Midwest,0
58,rlandmanbh@cam.ac.uk,"415-493-4895",Chemical Engineer,2019-09-01,1,Rory Landman,Single,"075 Elgar Plaza",San Francisco,California,West,0
39,rlehrbp@bandcamp.com,"419-255-7648",Physical Therapy Assistant,2012-01-07,1,Rory Lehr,Married,"9654 Oakridge Pass",Toledo,Ohio,Midwest,0
39,rbremonde8@amazon.co.jp,"718-947-5707",Web Designer II,2017-05-23,1,Rosalyn Bremond,Married,"7502 Dayton Drive",Brooklyn,New York,Northeast,0
36,rmccall3@disqus.com,"832-603-0509",Help Desk Technician,2016-06-18,1,Rosana Mccall,Married,"2 Sheridan Way",Houston,Texas,South,0
41,rhimsworthe7@wikia.com,"719-271-2933",Office Assistant IV,2020-05-26,1,Rosco Himsworth,Divorced,"69 Roth Parkway",Colorado Springs,Colorado,West,0
38,rhesselox@ning.com,"907-564-4412",Recruiter,2021-04-04,1,Roseanna Hessel,Married,"2270 Kedzie Crossing",Anchorage,Alaska,West,0
49,rconnikieay@illinois.edu,"816-379-1055",Teacher,2014-07-29,1,Rosemarie Connikie,Divorced,"543 Cambridge Way",Kansas City,Missouri,Midwest,0
52,rprattenlt@hatena.ne.jp,"205-468-6612",Actuary,2020-10-03,1,Roshelle Pratten,Separated,"82 Weeping Birch Parkway",Birmingham,Alabama,South,0
52,rwarsoplf@moonfruit.com,"812-597-7093",Human Resources Manager,2012-06-12,1,Rossie Warsop,Married,"186 Mitchell Center",Evansville,Indiana,Midwest,0
52,rscripps9y@wikimedia.org,"304-802-7910",Research Assistant II,2018-04-24,1,Row Scripps,Single,"09134 Myrtle Hill",Huntington,West Virginia,South,0
46,ryvong5@phoca.cz,"518-419-0786",Environmental Specialist,2017-01-31,1,Roxanne Yvon,,"127 Mockingbird Road",Albany,New York,Northeast,0
44,rblunerh@kickstarter.com,"904-562-4971",Senior Editor,2017-09-28,1,Roxie Blune,Single,"1 Tony Lane",Jacksonville,Florida,South,0
42,rzorzinirh@cocolog-nifty.com,"515-578-4647",Senior Sales Associate,2015-05-09,1,Roxine Zorzini,Divorced,"72 Russell Trail",Des Moines,Iowa,Midwest,0
28,rtweedell64@mayoclinic.com,"702-774-4320",,2017-05-27,1,Roxy Tweedell,Single,"5490 Burrows Lane",Las Vegas,Nevada,West,0
55,rcorton1j@mlb.com,"203-803-7105",Quality Control Specialist,2014-01-27,1,Roy Corton,Married,"283 Haas Crossing",Bridgeport,Connecticut,Northeast,0
36,rrealo5@geocities.com,"415-889-1462",Internal Auditor,2022-04-25,1,Rozalie Real,Divorced,"03493 Calypso Lane",San Rafael,California,West,0
39,rbeidebekemb@free.fr,"508-766-6454",Accountant I,2022-02-13,1,Rozanna Beidebeke,Married,"7697 Homewood Junction",Boston,Massachusetts,Northeast,0
68,rbrissenden3f@bravesites.com,"334-614-7847",Business Systems Development Analyst,2020-04-16,1,Rozanne Brissenden,Married,"944 Erie Avenue",Montgomery,Alabama,South,0
49,rchate2v@sphinn.com,"360-908-6050",Clinical Specialist,2018-08-25,1,Ruddy Chate,Single,"41613 Mesta Junction",Vancouver,Washington,West,0
50,rscough3q@netscape.com,"727-967-1403",Analyst Programmer,2017-06-01,1,Ruddy Scough,Married,"10 Westridge Center",Saint Petersburg,Florida,South,0
33,rslinndl@alibaba.com,"303-467-4996",Help Desk Operator,2014-11-25,1,Rufe Slinn,Divorced,"1 Vidon Center",Denver,Colorado,West,0
45,rhornigj4@whitehouse.gov,"713-609-3080",Accountant II,2020-08-16,1,Ruperta Hornig,Married,"714 Westerfield Park",Houston,Texas,South,0
40,rkayzerom@cisco.com,"404-582-7509",Food Chemist,2017-06-06,1,Ruperto Kayzer,Single,"06846 Prentice Circle",Decatur,Georgia,South,0
30,rslowcock3z@nbcnews.com,"214-391-0001",Assistant Manager,2017-01-09,1,Ruperto Slowcock,Separated,"989 Delladonna Circle",Dallas,Texas,South,0
33,raylingne@imgur.com,"757-848-3753",Internal Auditor,2018-10-15,1,Russ Ayling,Divorced,"59186 Eagle Crest Avenue",Hampton,Virginia,South,0
50,rcowndenq6@npr.org,"859-932-6402",Pharmacist,2014-04-23,1,Rustie Cownden,Separated,"23 Sunbrook Road",Lexington,Kentucky,South,0
38,rhottonbd@51.la,"602-179-0278",Food Chemist,2021-04-04,1,Rustin Hotton,Single,"06 Crownhardt Drive",Scottsdale,Arizona,West,0
33,rwallasmm@naver.com,"202-937-0183",Professor,2019-03-10,1,Rutger Wallas,Married,"97 Golden Leaf Center",Washington,District of Columbia,South,0
27,rteasell8i@angelfire.com,"719-949-5236",Community Outreach Specialist,2021-04-13,1,Ruthann Teasell,Divorced,"2 Dayton Center",Colorado Springs,Colorado,West,0
35,ranthill1f@stumbleupon.com,"479-823-1768",Cost Accountant,2015-09-20,1,Ruthi Anthill,Divorced,"2610 Alpine Crossing",Fort Smith,Arkansas,South,0
22,sfumagalloco@unesco.org,"210-893-4484",VP Accounting,2021-08-27,1,Sabrina Fumagallo,Single,"1 Sauthoff Court",San Antonio,Texas,South,0
29,sbreitling3o@economist.com,"786-692-7458",Pharmacist,2016-05-17,1,Sadella Breitling,Single,"62898 Surrey Circle",Miami,Florida,South,0
54,sspybeynu@technorati.com,"609-240-7347",Safety Technician II,2015-08-09,1,Sadie Spybey,Married,"8 Clove Alley",Trenton,New Jersey,Northeast,0
62,swhieldone7@discovery.com,"813-377-1465",Research Associate,2019-01-22,1,Sadye Whieldon,Single,"69 Melby Place",Tampa,Florida,South,0
59,srhys99@tamu.edu,"253-753-8030",Executive Secretary,2018-05-17,1,Sal Rhys,Divorced,"945 Beilfuss Pass",Tacoma,Washington,West,0
63,sibbettgf@sohu.com,"480-603-9722",Office Assistant III,2015-03-16,1,Salaidh Ibbett,Married,"4503 East Street",Phoenix,Arizona,West,0
25,smepham7r@myspace.com,"718-750-2320",Environmental Tech,2017-08-02,1,Salome Mepham,Married,"52745 Graedel Court",Brooklyn,New York,Northeast,0
41,sfeekqc@wikipedia.org,"409-762-1358",VP Sales,2019-06-12,1,Salomi Feek,Single,"1 Butternut Court",Spring,Texas,South,0
59,sknipeex@dmoz.org,"413-259-1472",Physical Therapy Assistant,2019-01-12,1,Salomo Knipe,Separated,"81085 Twin Pines Court",Springfield,Massachusetts,Northeast,0
27,sholyardae@blogspot.com,"704-874-4694",Financial Advisor,2012-12-06,1,Salomone Holyard,Married,"7 Rieder Place",Charlotte,North Carolina,South,0
59,sbodkerk4@qq.com,"954-273-6655",Chemical Engineer,2019-10-24,1,Sam Bodker,Married,"47 Kinsman Plaza",Hollywood,Florida,South,0
66,slowdham6w@boston.com,"561-569-9219",Statistician IV,2015-09-05,1,Sampson Lowdham,Married,"49 Center Place",Lake Worth,Florida,South,0
62,sscathardit@ebay.co.uk,"903-355-2451",Database Administrator IV,2019-06-19,1,Sanderson Scathard,Separated,"4 Express Way",Dallas,Texas,South,0
32,smcomishie@wiley.com,"903-164-0407",Operator,2019-07-12,1,Sandi Mcomish,Separated,"8 Morrow Trail",Dallas,Texas,South,0
19,sdolleyp3@cbc.ca,"217-905-1236",Nurse Practicioner,2018-06-04,1,Sandro Dolley,Married,"4763 Katie Parkway",Springfield,Illinois,Midwest,0
42,ssweetzer57@weather.com,"863-551-5409",Quality Control Specialist,2022-03-23,1,Sanson Sweetzer,Single,"41693 Havey Plaza",Lakeland,Florida,South,0
67,smccartney18@who.int,"330-642-7567",Senior Developer,2016-02-21,1,Sapphire Mccartney,Married,"7 Mayfield Hill",Warren,Ohio,Midwest,0
41,smacpaikef3@reverbnation.com,"408-345-4342",Assistant Manager,2018-02-20,1,Saunders Macpaike,Single,"414 Village Green Alley",San Jose,California,West,0
18,srapson73@epa.gov,"704-812-6520",Quality Engineer,2016-05-30,1,Sayers Rapson,Single,"70 Marcy Center",Charlotte,North Carolina,South,0
49,spriddingt@hp.com,"757-769-6377",Food Chemist,2017-06-08,1,Sayre Pridding,Single,"5 Leroy Center",Suffolk,Virginia,South,0
24,smalyan8n@plala.or.jp,"979-607-8081",Nuclear Power Engineer,2020-12-12,1,Scotty Malyan,Married,"63 Shopko Alley",College Station,Texas,South,0
44,sminchelldo@xinhuanet.com,"646-316-8433",Environmental Specialist,2014-11-02,1,Selina Minchell,Single,"4 Dwight Lane",New York City,New York,Northeast,0
55,sboldock24@histats.com,"404-424-4407",Actuary,2019-07-30,1,Selinda Boldock,Married,"1 Eagle Crest Crossing",Marietta,Georgia,South,0
36,sreadshall2f@yellowbook.com,"425-458-9774",Safety Technician I,2018-04-14,1,Selma Readshall,Married,"5308 Claremont Circle",Everett,Washington,West,0
27,slamble81@amazon.co.uk,"979-346-7243",Budget/Accounting Analyst IV,2017-12-26,1,Seymour Lamble,Married,"90691 Veith Place",Bryan,Texas,South,0
27,slamble81@amazon.co.uk,"979-346-7243",Budget/Accounting Analyst IV,2017-12-26,1,Seymour Lamble,Single,"90691 Veith Place",Bryan,Texas,South,0
58,shulance2e@flavors.me,"502-271-4507",Recruiting Manager,2019-04-05,1,Shadow Hulance,Divorced,"96199 Vahlen Point",Louisville,Kentucky,South,0
53,sizod3v@state.gov,"313-407-4416",Health Coach III,2017-04-15,1,Shadow Izod,Divorced,"93 Oakridge Drive",Detroit,Michigan,Midwest,0
47,sfonso7u@state.tx.us,"605-728-4257",Occupational Therapist,2021-01-14,1,Shae Fonso,Separated,"78470 Elka Parkway",Sioux Falls,South Dakota,Midwest,0
40,selijah8w@yahoo.com,"801-455-6410",Desktop Support Technician,2021-01-28,1,Shanda Elijah,Married,"6 Hazelcrest Terrace",Sandy,Utah,West,0
68,ssybbe4h@studiopress.com,"202-837-6841",,2017-11-06,1,Shanda Sybbe,Married,"759 Rusk Alley",Washington,District of Columbia,South,0
50,sormanhs@mlb.com,"410-721-9221",,2015-12-25,1,Shandeigh Orman,Married,"58985 Waxwing Parkway",Baltimore,Maryland,South,0
50,sgerdinge8@vinaora.com,"571-492-9874",Account Representative I,2018-10-02,1,Shane Gerding,Married,"20973 Sloan Drive",Dulles,Virginia,South,0
26,stremolieresgh@scribd.com,"619-835-9069",Data Coordiator,2016-08-19,1,Shane Tremolieres,Separated,"96241 Hauk Pass",San Diego,California,West,0
65,smaciocian3@adobe.com,"559-115310",Staff Accountant IV,2018-06-25,1,Sharla Maciocia,Single,"141 Badeau Plaza",Fresno,California,West,0
56,sgaynsford8q@nba.com,"816-260-2681",Senior Sales Associate,2019-08-27,1,Sharyl Gaynsford,Married,"5 Nevada Road",Kansas City,Missouri,Midwest,0
35,sionne9@newyorker.com,"502-943-7503",Programmer III,2021-03-27,1,Shaughn Ionn,Single,"98273 Sunbrook Hill",Louisville,Kentucky,South,0
30,sswynfen8c@deliciousdays.com,"202-264-5588",Mechanical Systems Engineer,2020-12-06,1,Shaughn Swynfen,Single,"474 Fremont Court",Washington,District of Columbia,South,0
30,sbaxsterc5@php.net,"609-781-8569",Programmer I,2013-08-23,1,Shawnee Baxster,Single,"36 Anthes Crossing",Trenton,New Jersey,Northeast,0
27,swinsleyfb@multiply.com,"860-641-5551",Registered Nurse,2016-03-09,1,Shay Winsley,Married,"299 Mandrake Road",Hartford,Connecticut,Northeast,0
37,sjankovicnp@booking.com,"412-301-5395",,2016-06-23,1,Shaylyn Jankovic,Single,"08 Continental Hill",Pittsburgh,Pennsylvania,Northeast,0
35,spolakka@themeforest.net,"405-961-0077",Analyst Programmer,2015-08-09,1,Shaylyn Polak,Single,"30459 Loftsgordon Hill",Oklahoma City,Oklahoma,South,0
20,sboughtflowerpq@bizjournals.com,"203-676-5648",Research Associate,2016-12-02,1,Sheba Boughtflower,Single,"93118 Surrey Park",Stamford,Connecticut,Northeast,0
46,sbaskettpo@gnu.org,"757-173-6651",Systems Administrator I,2016-09-28,1,Sheelah Baskett,Married,"453 Moose Circle",Norfolk,Virginia,South,0
22,ssporle3x@earthlink.net,"513-672-5797",Engineer III,2017-02-02,1,Sheena Sporle,Single,"1 Bayside Hill",Cincinnati,Ohio,Midwest,0
51,spartener9o@xinhuanet.com,"504-950-8940",Senior Financial Analyst,2018-01-10,1,Sheila-kathryn Partener,Single,"1742 Upham Road",New Orleans,Louisiana,South,0
47,ssheberle@upenn.edu,"502-713-2052",VP Marketing,2016-05-21,1,Shelba Sheber,Divorced,"3 Jenna Court",Frankfort,Kentucky,South,0
58,spalmarmb@senate.gov,"757-248-2907",Teacher,2021-01-04,1,Shelia Palmar,Married,"6 Old Gate Point",Hampton,Virginia,South,0
26,sbrameri8@paypal.com,"484-827-8428",Tax Accountant,2013-07-13,1,Shell Bramer,Married,"445 Vahlen Hill",Reading,Pennsylvania,Northeast,0
37,ssamwyse6i@sphinn.com,"702-774-3970",Assistant Media Planner,2016-11-02,1,Shelli Samwyse,Divorced,"17 Dwight Junction",Henderson,Nevada,West,0
50,sdublin9r@spotify.com,"626-988-8408",Tax Accountant,2020-04-05,1,Shelly Dublin,Divorced,"1 Dexter Plaza",Los Angeles,California,West,0
54,stolley13@geocities.com,"312-741-0306",VP Quality Control,2014-02-05,1,Sheppard Tolley,Married,"28200 Lakewood Pass",Chicago,Illinois,Midwest,0
32,sphilipeauxgl@yellowpages.com,"702-909-3320",Structural Analysis Engineer,2019-02-04,1,Sheridan Philipeaux,Single,"6 1st Lane",Las Vegas,Nevada,West,0
39,sbrigden7b@china.com.cn,"206-687-1508",Administrative Assistant IV,2012-10-31,1,Sherie Brigden,Separated,"031 Service Court",Seattle,Washington,West,0
56,sholborn8v@illinois.edu,"425-710-6889",Engineer IV,2015-04-07,1,Sherm Holborn,Single,"01 Delladonna Park",Everett,Washington,West,0
54,sdietzlerld@apache.org,"336-591-9564",,2019-01-28,1,Shina Dietzler,Married,"6 Gale Place",Greensboro,North Carolina,South,0
41,seshmade9h@ed.gov,,Quality Engineer,2016-10-08,1,Shirline Eshmade,Married,"331 Bellgrove Hill",Richmond,Virginia,South,0
48,solandercn@nydailynews.com,"586-851-4212",Staff Accountant II,2021-07-13,1,Shoshanna Olander,Married,"4098 Tomscot Plaza",Warren,Michigan,Midwest,0
544,sstrutley9w@craigslist.org,"804-636-0234",Nuclear Power Engineer,2014-06-30,1,Shurwood Strutley,Married,"7779 Main Road",Richmond,Virginia,South,1
33,spetett88@jugem.jp,"786-521-6443",Software Test Engineer III,2019-09-15,1,Sibelle Petett,Divorced,"1724 Dorton Alley",Homestead,Florida,South,0
52,sdeqk@vkontakte.ru,"757-398-7169",Automation Specialist II,2015-01-04,1,Sid De Brett,Divorced,"398 Loeprich Drive",Norfolk,Virginia,South,0
24,swimsett7j@about.com,"616-411-2756",Senior Editor,2018-06-06,1,Sidoney Wimsett,Married,"07019 Maywood Way",Grand Rapids,Michigan,Midwest,0
35,smatteucci8m@imageshack.us,"859-979-5321",Administrative Officer,2018-03-29,1,Sigfried Matteucci,Single,"736 Cody Street",Lexington,Kentucky,South,0
45,sdimblebyhq@reference.com,"212-504-8463",Operator,2018-03-17,1,Silvan Dimbleby,Divorced,"1772 Old Shore Parkway",New York City,New York,Northeast,0
46,sjosefssonpv@alibaba.com,"850-762-3400",Software Engineer II,2019-02-14,1,Simona Josefsson,Single,"807 Erie Parkway",Pensacola,Florida,South,0
57,sgerlerdf@forbes.com,"508-967-0283",Design Engineer,2016-05-26,1,Sisile Gerler,Married,"8724 Bunker Hill Hill",Brockton,Massachusetts,Northeast,0
41,sramptonjt@pen.io,"804-469-9406",Assistant Professor,2018-04-04,1,Skip Rampton,Married,"4 Laurel Parkway",Richmond,Virginia,South,0
35,scourtonnea2@php.net,"410-218-7927",Mechanical Systems Engineer,2019-01-21,1,Slade Courtonne,Single,"7356 Lakewood Pass",Laurel,Maryland,South,0
522,sbulmergm@addthis.com,,VP Marketing,2017-09-25,1,Smitty Bulmer,Divorced,"23370 Forest Dale Street",Pittsburgh,Pennsylvania,Northeast,1
39,svicarja@etsy.com,"714-979-0495",Librarian,2021-12-09,1,Sonja Vicar,Divorced,"0 Farwell Road",San Jose,California,West,0
66,scassidy9d@gnu.org,"859-247-9857",Structural Engineer,2021-05-12,1,Sonny Cassidy,Single,"76 Anhalt Hill",Lexington,Kentucky,South,0
38,spridgeon10@oracle.com,"806-156-8227",Help Desk Technician,2017-03-13,1,Sophia Pridgeon,Single,"74828 Kinsman Lane",Amarillo,Texas,South,0
60,sodohertyji@princeton.edu,"330-758-5500",Community Outreach Specialist,2020-02-14,1,Stace O'doherty,Single,"25 Moose Terrace",Warren,Ohio,Midwest,0
61,seaglandrb@delicious.com,"513-794-5750",Structural Analysis Engineer,2017-04-30,1,Stacee Eagland,Single,"246 Jenifer Center",Cincinnati,Ohio,Midwest,0
19,sadrianellopw@desdev.cn,"858-908-1151",Environmental Tech,2017-02-10,1,Stafani Adrianello,Married,"8 Schurz Street",Oceanside,California,West,0
55,sruddellk8@vkontakte.ru,"310-706-7806",Database Administrator III,2017-08-04,1,Standford Ruddell,Divorced,"2424 Talisman Street",Anaheim,California,West,0
43,sfurlow69@behance.net,"320-699-8907",Data Coordiator,2014-03-14,1,Starr Furlow,Divorced,"24 Randy Circle",Saint Cloud,Minnesota,Midwest,0
59,swoolgero2@so-net.ne.jp,"928-614-3653",Geologist III,2016-10-10,1,Steffi Woolger,Single,"73584 Schmedeman Park",Prescott,Arizona,West,0
25,spaytoney@webeden.co.uk,"571-882-5521",Engineer IV,2020-10-24,1,Stella Payton,Single,"82 South Crossing",Alexandria,Virginia,South,0
51,sjansikj2@wufoo.com,"212-866-9826",Marketing Assistant,2017-06-20,1,Stepha Jansik,Married,"2 Fair Oaks Center",New York City,New York,Northeast,0
46,slattimeros@gravatar.com,"334-471-5826",Financial Analyst,2021-12-17,1,Stepha Lattimer,Separated,"0780 Esker Trail",Montgomery,Alabama,South,0
37,sguytonpy@cargocollective.com,"410-144-9129",Administrative Assistant IV,2020-05-22,1,Stephana Guyton,Single,"4308 Loftsgordon Plaza",Baltimore,Maryland,South,0
26,schelley3w@ebay.com,"505-993-4007",Help Desk Operator,2018-02-21,1,Stephanus Chelley,Married,"11605 Shoshone Place",Santa Fe,New Mexico,West,0
25,sgrininic@shutterfly.com,"202-878-1933",Electrical Engineer,2020-03-05,1,Stephen Grinin,Married,"5 Starling Point",Washington,District of Columbia,South,0
55,shartylo@ocn.ne.jp,"210-934-0600",Senior Quality Engineer,2016-11-20,1,Sterne Harty,Married,"9 Merrick Parkway",San Antonio,Texas,South,0
35,sbarchrameevho@oaic.gov.au,"585-352-6797",Pharmacist,2022-01-23,1,Stevana Barchrameev,Separated,"57 Moulton Park",Rochester,New York,Northeast,0
40,sdeyerr@ca.gov,"402-826-9585",Administrative Assistant IV,2013-02-10,1,Stormi D'eye,Single,"747 Utah Crossing",Lincoln,Nebraska,Midwest,0
49,sbanthorpe8k@yahoo.com,"803-525-2553",Associate Professor,2020-03-09,1,Stormy Banthorpe,Separated,"1 Waxwing Street",Columbia,South Carolina,South,0
34,sbeminster5i@unblog.fr,"540-144-1900",Analyst Programmer,2016-02-01,1,Stuart Beminster,Married,"90587 Clove Crossing",Roanoke,Virginia,South,0
55,sdelleschidx@gov.uk,"323-271-7911",Administrative Assistant III,2016-06-16,1,Sullivan Delleschi,Separated,"8204 Mosinee Road",Los Angeles,California,West,0
45,sarnaezns@state.tx.us,"406-984-2396",Statistician II,2021-01-04,1,Sunny Arnaez,Separated,"5104 Memorial Trail",Missoula,Montana,West,0
26,smeatcherp4@homestead.com,"330-637-0761",Mechanical Systems Engineer,2015-06-13,1,Sunny Meatcher,Married,"7070 Ramsey Court",Canton,Ohio,Midwest,0
63,sdunbletonee@yellowpages.com,"704-231-0109",,2018-02-10,1,Sunshine Dunbleton,,"79497 Milwaukee Point",Charlotte,North Carolina,South,0
39,scrippsin@diigo.com,"216-264-3605",Account Representative II,2017-08-03,1,Sven Cripps,Divorced,"3 Westport Road",Cleveland,Ohio,Midwest,0
42,schaddockqc@indiatimes.com,"214-252-3256",Actuary,2021-09-14,1,Sydelle Chaddock,Divorced,"425 Dahle Junction",Dallas,Texas,South,0
40,scattersonqu@jimdo.com,"617-432-3597",Financial Analyst,2022-06-25,1,Sylvan Catterson,Married,"7943 Westend Street",Boston,Massachusetts,Northeast,0
53,strammelq5@google.it,"763-500-5581",Environmental Tech,2020-03-10,1,Syman Trammel,Single,"16825 Ohio Circle",Monticello,Minnesota,Midwest,0
46,twandreyln@pagesperso-orange.fr,"714-637-2492",Software Consultant,2017-12-16,1,Tab Wandrey,Divorced,"88687 Ridge Oak Trail",Orange,California,West,0
46,tattestonefl@surveymonkey.com,"816-977-2123",Junior Executive,2018-07-05,1,Tabatha Atte-stone,Single,"8590 Graceland Road",Kansas City,Missouri,Midwest,0
59,tdantuonil2@digg.com,"330-651-3537",Marketing Manager,2017-12-08,1,Tabbatha D'antuoni,Married,"515 Sutteridge Terrace",Canton,Ohio,Midwest,0
40,tletrangeo7@rambler.ru,"978-892-4044",VP Marketing,2017-11-01,1,Tabbi Letrange,Single,"59974 Rockefeller Road",Watertown,Massachusetts,Northeast,0
43,tannonp9@yellowpages.com,"203-440-2904",Senior Editor,2014-02-27,1,Tabbie Annon,Divorced,"548 Merrick Junction",New Haven,Connecticut,Northeast,0
37,twinklel1@japanpost.jp,"781-629-7086",GIS Technical Architect,2012-09-23,1,Tabby Winkle,Single,"3 Oak Trail",Boston,Massachusetts,Northeast,0
31,tboicelc@dropbox.com,"650-690-1448",Junior Executive,2019-03-16,1,Taddeusz Boice,Married,"724 Hermina Court",San Juan,Puerto Rico,Other/International,0
29,tagostini6k@mozilla.com,"985-944-4562",Senior Developer,2021-02-25,1,Tadeo Agostini,Married,"42261 4th Pass",New Orleans,Louisiana,South,0
35,twalthall2g@t.co,"254-988-4740",Sales Associate,2021-03-23,1,Tades Walthall,Married,"46749 Declaration Lane",Temple,Texas,South,0
51,tlaetham8x@dot.gov,"832-933-0065",Civil Engineer,2014-12-10,1,Tailor Laetham,Single,"43805 Trailsway Plaza",Houston,Texas,South,0
42,tevinsqe@ca.gov,"704-135-7324",Human Resources Assistant III,2012-07-20,1,Talia Evins,Married,"6351 Green Ridge Terrace",Charlotte,North Carolina,South,0
40,tois@time.com,"330-841-1574",Electrical Engineer,2018-08-21,1,Talya O' Mullane,Single,"21 Orin Circle",Canton,Ohio,Midwest,0
63,twhorlowb6@printfriendly.com,"912-892-9982",Physical Therapy Assistant,2019-01-05,1,Tamara Whorlow,Divorced,"93187 Sachs Lane",Savannah,Georgia,South,0
32,traise4s@tinyurl.com,"318-742-7703",Computer Systems Analyst II,2017-10-21,1,Tamarah Raise,Married,"8 Northport Street",Shreveport,Louisiana,South,0
52,tpetroulisqv@mapy.cz,"714-114-1862",Payment Adjustment Coordinator,2013-05-22,1,Tammie Petroulis,Single,"1713 Vermont Hill",Garden Grove,California,West,0
36,tdunkersley8u@dedecms.com,"651-939-2423",VP Sales,2016-06-27,1,Tamqrah Dunkersley,Single,"0 Colorado Terrace",Saint Paul,Minnesota,Midwest,0
29,tmccleod88@wordpress.org,"706-730-3633",Food Chemist,2018-01-22,1,Tann Mccleod,Divorced,"187 Rockefeller Way",Columbus,Georgia,South,0
50,tgillitt11@umn.edu,"407-502-6151",Quality Engineer,2020-05-25,1,Tannie Gillitt,Married,"5175 International Junction",Kissimmee,Florida,South,0
40,tvannuccini82@eventbrite.com,"912-814-8661",Food Chemist,2018-02-05,1,Tannie Vannuccini,Single,"96 Vera Pass",Savannah,Georgia,South,0
34,tboxerlo@360.cn,"336-359-1359",Budget/Accounting Analyst III,2016-11-06,1,Tanny Boxer,Divorced,"5 Bashford Park",Greensboro,North Carolina,South,0
35,telrick3j@umn.edu,"702-261-6734",Dental Hygienist,2014-07-29,1,Tanya Elrick,Married,"536 Rockefeller Court",Las Vegas,Nevada,West,0
32,tjarratt4l@blogtalkradio.com,"512-497-2137",Research Associate,2020-11-02,1,Tanya Jarratt,Single,"882 Linden Way",Austin,Texas,South,0
34,tdulintyei@ehow.com,"972-837-8961",Teacher,2014-09-20,1,Tarrance Dulinty,Single,"77434 Prairie Rose Court",Dallas,Texas,South,0
61,tscottdi@so-net.ne.jp,"212-612-7245",Help Desk Technician,2019-07-07,1,Tarrance Scott,Separated,"1709 Mayer Point",New York City,New York,Northeast,0
44,tburr22@walmart.com,"304-675-9725",Editor,2021-03-01,1,Tate Burr,Single,"117 Onsgard Pass",Charleston,West Virginia,South,0
47,talphonsofb@army.mil,"407-936-8698",Paralegal,2015-01-09,1,Tawsha Alphonso,Single,"466 South Drive",Winter Haven,Florida,South,0
63,tburgotjo@odnoklassniki.ru,"713-378-2756",Electrical Engineer,2018-10-26,1,Teador Burgot,Divorced,"18 Autumn Leaf Drive",Houston,Texas,South,0
61,tlembke2b@storify.com,"916-643-3077",Research Assistant IV,2019-07-10,1,Tedda Lembke,Separated,"215 Elka Pass",Sacramento,California,West,0
37,tdabner4v@soup.io,"940-311-4333",Quality Engineer,2022-01-28,1,Teddy Dabner,Single,"3491 Everett Avenue",Wichita Falls,Texas,South,0
29,tplaidec@ftc.gov,"562-660-2404",Software Consultant,2016-12-25,1,Teirtza Plaid,Single,"8 Superior Trail",Long Beach,California,West,0
37,treignoldslq@yahoo.co.jp,"253-774-9369",Pharmacist,2017-04-08,1,Teirtza Reignolds,Single,"1171 Fairview Terrace",Tacoma,Washington,West,0
61,tbroadbereqq@comcast.net,"919-218-9496",Executive Secretary,2017-04-29,1,Teodor Broadbere,Separated,"49 Dennis Place",Raleigh,North Carolina,South,0
33,thollow3m@gov.uk,"850-775-1002",Analog Circuit Design manager,2018-11-24,1,Terence Hollow,Divorced,"4 Di Loreto Plaza",San Juan,Puerto Rico,Other/International,0
34,tcockshootl5@sakura.ne.jp,"916-716-4866",Senior Developer,2015-11-23,1,Teresina Cockshoot,Divorced,"71016 Boyd Junction",Sacramento,California,West,0
51,tramlotkn@amazon.de,"754-559-0639",Structural Engineer,2016-11-15,1,Terri Ramlot,Divorced,"61962 Memorial Court",Fort Lauderdale,Florida,South,0
21,twyettm8@desdev.cn,"301-483-1582",Executive Secretary,2021-07-28,1,Terrijo Wyett,Single,"86 High Crossing Trail",Baltimore,Maryland,South,0
26,ttheyernz@cnbc.com,"540-144-0318",Safety Technician III,2018-01-22,1,Tessi Theyer,Single,"10 Manitowish Crossing",Roanoke,Virginia,South,0
53,tdigbyr9@sfgate.com,"317-357-0011",Clinical Specialist,2016-07-23,1,Thaddus Digby,Divorced,"651 Doe Crossing Point",Indianapolis,Indiana,Midwest,0
29,tsturdgessw@japanpost.jp,"803-622-8818",Staff Accountant I,2015-12-28,1,Thain Sturdgess,Married,"21924 Prairie Rose Lane",Columbia,South Carolina,South,0
45,tlymer1w@netvibes.com,"518-246-7710",Marketing Manager,2012-04-10,1,Thane Lymer,Married,"15740 Little Fleur Way",Albany,New York,Northeast,0
66,tdolan9x@biblegateway.com,"208-729-5469",Software Engineer IV,2019-10-11,1,Thaxter Dolan,Single,"38 Sullivan Circle",Boise,Idaho,West,0
43,tferronelnn@prnewswire.com,"916-643-7960",Environmental Specialist,2014-08-18,1,Thayne Ferronel,Single,"25 Moulton Way",Sacramento,California,West,0
47,tstrangerpp@cnn.com,"617-129-3362",Database Administrator IV,2021-06-19,1,Therese Stranger,Single,"9 Kingsford Park",Cambridge,Massachusetts,Northeast,0
37,tcavill9i@sakura.ne.jp,"336-617-5006",Sales Representative,2012-02-11,1,Thom Cavill,Single,"6924 Hansons Drive",Winston Salem,North Carolina,South,0
19,tlondsdalek8@ifeng.com,"716-702-8514",Help Desk Operator,1915-04-30,1,Thomas Londsdale,Single,"2 Cherokee Circle",Buffalo,New York,Northeast,1
38,tbartaluccipx@shinystat.com,"305-210-6595",Help Desk Operator,2021-10-16,1,Thorn Bartalucci,Married,"2 Sutherland Way",Miami,Florida,South,0
677,tportingale9n@nsw.gov.au,"941-186-3805",Statistician II,2019-02-16,1,Thorndike Portingale,Married,"9011 Huxley Plaza",Sarasota,Florida,South,1
39,tgeeraert3t@psu.edu,"972-419-6237",Senior Quality Engineer,2020-11-01,1,Thorstein Geeraert,Married,"45 Columbus Point",Mesquite,Texas,South,0
27,tsharrockqm@intel.com,"212-540-2171",Quality Engineer,2017-09-14,1,Thorstein Sharrock,Single,"44 Harbort Drive",New York City,New York,Northeast,0
27,tclapshawqm@sakura.ne.jp,"330-764-2985",Administrative Officer,2022-03-24,1,Timmy Clapshaw,Married,"9 Sutherland Hill",Canton,Ohio,Midwest,0
55,telsburyg4@umn.edu,"304-136-3076",Statistician I,2021-12-06,1,Timotheus Elsbury,Married,"7532 Hauk Street",Huntington,West Virginia,South,0
59,tstuddalfv@msu.edu,"318-288-6289",Dental Hygienist,2020-07-15,1,Tirrell Studdal,Single,"017 Rieder Point",Monroe,Louisiana,South,0
28,tduiguidq1@independent.co.uk,"225-163-1160",Executive Secretary,2018-05-14,1,Toiboid Duiguid,Married,"5493 Sunnyside Junction",Baton Rouge,Louisiana,South,0
50,tiviea8@a8.net,"704-291-0066",Dental Hygienist,2017-04-24,1,Tomaso Ivie,Married,"218 Hazelcrest Parkway",Charlotte,North Carolina,South,0
27,tfautley49@com.com,"616-840-7775",GIS Technical Architect,2012-11-04,1,Tommy Fautley,Married,"53472 Westend Street",Grand Rapids,Michigan,Midwest,0
26,tbrunstana7@hhs.gov,"713-117-4751",Web Designer I,2018-12-06,1,Tonnie Brunstan,Married,"51 Springview Place",Houston,Texas,South,0
39,twoodvinenq@naver.com,"309-247-6671",Data Coordiator,2020-08-13,1,Torie Woodvine,Married,"3 Mayer Avenue",Peoria,Illinois,Midwest,0
34,tjaimeag@google.es,"304-637-2303",Quality Engineer,2016-08-01,1,Torrey Jaime,Married,"09940 Warrior Circle",Charleston,West Virginia,South,0
26,tconers86@posterous.com,"910-771-3571",Professor,2021-05-27,1,Townsend Coners,Single,"5 Dennis Parkway",Fayetteville,North Carolina,South,0
43,tdepj@webnode.com,"916-100-1483",Compensation Analyst,2015-06-21,1,Trace De Brett,Married,"34953 Westridge Terrace",Sacramento,California,West,0
53,tblowerk7@abc.net.au,"763-706-6296",Tax Accountant,2022-04-20,1,Tracey Blower,Single,"5 Green Ridge Circle",Minneapolis,Minnesota,Midwest,0
46,tmaylamcs@usnews.com,"612-670-3932",VP Marketing,2015-03-27,1,Tremaine Maylam,Single,"39009 Bobwhite Trail",Minneapolis,Minnesota,Midwest,0
51,tromaintk1@ftc.gov,"909-944-4165",Programmer II,2020-02-26,1,Tremaine Romaint,Married,"4951 New Castle Center",San Bernardino,California,West,0
63,twintr7@phpbb.com,"408-414-4865",Structural Engineer,2018-04-21,1,Trevor Wint,Married,"46 Lakewood Gardens Terrace",San Jose,California,West,0
46,tmardellgd@netlog.com,"702-310-5574",Information Systems Manager,2013-11-04,1,Tripp Mardell,Married,"4 Logan Terrace",Las Vegas,Nevada,West,0
36,tyarnellmk@oaic.gov.au,"707-892-9585",Financial Analyst,2017-11-22,1,Tripp Yarnell,Separated,"6 Dapin Court",Petaluma,California,West,0
31,tautiehu@whitehouse.gov,"202-369-8207",Administrative Assistant IV,2018-11-26,1,Trixi Autie,Married,"0736 Talisman Place",Washington,District of Columbia,South,0
27,tbeesley9x@macromedia.com,"317-697-6870",Actuary,2021-07-28,1,Trixy Beesley,Single,"231 Aberg Crossing",Indianapolis,Indiana,Midwest,0
32,tconfortdi@myspace.com,"936-528-9803",Sales Associate,2020-05-22,1,Truman Confort,Married,"4781 Mcguire Park",Beaumont,Texas,South,0
24,tandrewcc@chicagotribune.com,"916-269-4970",Professor,2018-09-06,1,Tuck Andrew,Married,"455 Butterfield Park",Sacramento,California,West,0
40,twhitbread8y@rediff.com,"412-495-9996",Electrical Engineer,2018-06-22,1,Ty Whitbread,Married,"3 Porter Hill",Pittsburgh,Pennsylvania,Northeast,0
34,troydono0@amazon.com,"573-570-8778",Engineer III,2017-12-24,1,Tyne Roydon,Married,"0566 Graedel Terrace",Jefferson City,Missouri,Midwest,0
25,tshillum57@sina.com.cn,"502-336-9009",Structural Engineer,2018-04-10,1,Tyrone Shillum,,"698 Sundown Circle",Frankfort,Kentucky,South,0
28,upeert16@narod.ru,"501-534-8498",Senior Editor,2018-06-13,1,Ulrikaumeko Peert,Separated,"8 Elka Park",North Little Rock,Arkansas,South,0
36,utimmensd3@nyu.edu,"201-321-2529",Clinical Specialist,1919-10-04,1,Ulrike Timmens,Separated,"86 Northfield Crossing",Jersey City,New Jersey,Northeast,1
41,upelhama9@google.cn,"207-546-8645",VP Marketing,2020-12-24,1,Ulysses Pelham,Married,"4563 Shasta Court",San Juan,Puerto Rico,Other/International,0
20,ubrevittgn@telegraph.co.uk,"309-595-8277",Assistant Manager,2016-02-25,1,Umberto Brevitt,Married,"7 Blue Bill Park Park",Peoria,Illinois,Midwest,0
26,ufladgatet@earthlink.net,"215-271-5657",Compensation Analyst,2015-11-04,1,Upton Fladgate,Married,"3 Fremont Drive",Philadelphia,Pennsylvania,Northeast,0
29,upollastrobk@salon.com,"919-150-5758",Senior Editor,2020-08-03,1,Urban Pollastro,Married,"3 Lyons Place",Durham,North Carolina,South,0
61,udaymontca@linkedin.com,"775-530-3217",Administrative Assistant I,2016-12-17,1,Uri Daymont,Single,"68 West Pass",Reno,Nevada,West,0
34,uhallatt4j@desdev.cn,"240-347-8416",VP Product Management,2013-04-15,1,Uriah Hallatt,Married,"595 Lake View Terrace",Hagerstown,Maryland,South,0
38,ulambertsm3@guardian.co.uk,"517-751-8543",Senior Quality Engineer,2019-11-14,1,Ursala Lamberts,Married,"87 Fuller Way",Lansing,Michigan,Midwest,0
27,vdeds@hostgator.com,"916-601-1053",Mechanical Systems Engineer,2021-08-20,1,Vachel De Freyne,Single,"793 Cordelia Drive",Sacramento,California,West,0
47,vkerans4@indiatimes.com,"214-984-6359",Analyst Programmer,2015-03-05,1,Val Kerans,Single,"94 Daystar Place",Irving,Texas,South,0
31,vormistonekt@prnewswire.com,"713-761-6356",Mechanical Systems Engineer,2017-03-06,1,Valaree Ormistone,Single,"251 Gale Street",Houston,Texas,South,0
18,vpietrowski3s@bandcamp.com,"909-929-5385",Analog Circuit Design manager,2020-03-11,1,Vale Pietrowski,Single,"50 Clarendon Court",San Bernardino,California,West,0
20,vrowling3b@independent.co.uk,"727-797-3295",Nuclear Power Engineer,2018-11-23,1,Valeda Rowling,Separated,"61 Pennsylvania Crossing",Saint Petersburg,Florida,South,0
36,vkollasaw@networksolutions.com,"901-619-0013",Sales Representative,2015-12-16,1,Valencia Kollas,Single,"6 Kedzie Avenue",Memphis,Tennessee,South,0
53,vsnoddin2k@list-manage.com,"214-419-5223",Electrical Engineer,2017-08-02,1,Valenka Snoddin,Separated,"53414 Graceland Park",Dallas,Texas,South,0
19,vfaulderk2@spiegel.de,"805-610-8614",Pharmacist,2020-04-14,1,Valentina Faulder,Married,"598 Armistice Center",San Luis Obispo,California,West,0
41,vpetz34@google.es,"571-660-4990",Environmental Specialist,2019-12-03,1,Valera Petz,Separated,"18 Hoepker Pass",Vienna,Virginia,South,0
31,vhufferip@google.de,"253-342-5666",Legal Assistant,2018-07-24,1,Valli Huffer,Single,"573 Forest Run Plaza",Lakewood,Washington,West,0
61,vpomfretti9@mozilla.com,"704-529-3266",Chemical Engineer,2020-12-10,1,Valli Pomfrett,Single,"4774 Mockingbird Junction",Charlotte,North Carolina,South,0
53,vmccallb7@vistaprint.com,"213-305-4932",General Manager,2018-04-19,1,Vanessa Mccall,Married,"7404 Katie Crossing",Los Angeles,California,West,0
27,vaytonp8@usda.gov,"213-859-8689",Chief Design Engineer,2017-01-07,1,Vasilis Ayton,Married,"7316 Hansons Junction",Los Angeles,California,West,0
34,vpryell60@geocities.jp,"201-793-2246",Civil Engineer,2019-06-13,1,Vassili Pryell,Separated,"0064 Arizona Pass",Jersey City,New Jersey,Northeast,0
37,vdelloio@archive.org,"504-197-1484",Assistant Manager,2020-12-08,1,Vaughn Dello,Single,"808 Lawn Hill",New Orleans,Louisiana,South,0
40,vhappelfz@sciencedirect.com,"727-807-5410",Senior Editor,2018-04-18,1,Venita Happel,Married,"2 Brickson Park Road",Clearwater,Florida,South,0
50,vbaswallfk@purevolume.com,"214-630-5481",Quality Engineer,2013-12-05,1,Veronika Baswall,Single,"6 Dixon Alley",Dallas,Texas,South,0
47,vcurralldr@narod.ru,"609-930-8878",Internal Auditor,2015-04-21,1,Veronike Currall,Divorced,"2505 Upham Point",Trenton,New Jersey,Northeast,0
46,vgutans5k@wix.com,"817-932-2590",Analog Circuit Design manager,2019-02-27,1,Vevay Gutans,Single,"033 Sugar Place",Fort Worth,Texas,South,0
66,vlapthornpl@pcworld.com,"410-986-2746",Operator,2019-04-01,1,Vi Lapthorn,Married,"5 Armistice Pass",Baltimore,Maryland,South,0
45,vpaviepc@indiegogo.com,"714-173-4882",Internal Auditor,2013-11-19,1,Vick Pavie,Single,"89940 Bunker Hill Street",Irvine,California,West,0
24,vwalpole8p@statcounter.com,"917-165-7414",Software Test Engineer I,2018-07-19,1,Vicky Walpole,Single,"7410 Dawn Terrace",Bronx,New York,Northeast,0
27,vreiglar6y@zimbio.com,"909-781-0836",Research Associate,2018-12-31,1,Victoria Reiglar,Married,"99 3rd Circle",San Bernardino,California,West,0
45,vcallaroy@spiegel.de,"706-312-3588",Clinical Specialist,2014-12-09,1,Vikki Callar,Single,"33 Paget Plaza",Athens,Georgia,South,0
44,vaisthorpemv@unesco.org,"304-181-6993",Recruiting Manager,2019-08-15,1,Vina Aisthorpe,Married,"4318 Towne Drive",Charleston,West Virginia,South,0
32,vnewburyao@jiathis.com,"405-247-7217",Cost Accountant,2013-03-24,1,Vince Newbury,Single,"6320 Melvin Lane",Oklahoma City,Oklahoma,South,0
27,vellum4k@samsung.com,"713-705-6516",Human Resources Assistant III,2020-03-30,1,Vincenty Ellum,Divorced,"1 Birchwood Crossing",Houston,Texas,South,0
36,vheinerad@prweb.com,"614-273-4466",Quality Control Specialist,2019-07-06,1,Vinni Heiner,Divorced,"06 Oak Valley Point",Columbus,Ohio,Midwest,0
36,vshermorep1@weibo.com,"818-314-6026",Social Worker,2018-04-03,1,Vinnie Shermore,Married,"22688 Dakota Place",Northridge,California,West,0
34,vgirvinqn@usnews.com,"540-422-0273",Help Desk Technician,2017-09-21,1,Viola Girvin,Single,"25846 Packers Alley",Fredericksburg,Virginia,South,0
36,vstonnell14@unc.edu,"240-331-4912",GIS Technical Architect,2015-04-08,1,Viola Stonnell,Single,"78146 Monument Circle",Bowie,Maryland,South,0
52,vramsdell50@wsj.com,"407-506-7444",Research Nurse,2019-06-07,1,Vita Ramsdell,Divorced,"111 Heffernan Court",Orlando,Florida,South,0
52,vslyne98@shop-pro.jp,"310-360-7693",Senior Financial Analyst,2020-01-16,1,Vitia Slyne,Married,"1765 Sycamore Street",Long Beach,California,West,0
53,vcarlete3@businessweek.com,"857-839-2934",GIS Technical Architect,2021-03-12,1,Vivianna Carlet,Single,"10 Pankratz Pass",Boston,Massachusetts,Northeast,0
20,vsagrottfx@chron.com,"615-963-7890",Dental Hygienist,2019-09-05,1,Vivianna Sagrott,Separated,"49 Cherokee Terrace",Memphis,Tennessee,South,0
54,vvyseet@vinaora.com,"917-648-0713",Electrical Engineer,2015-07-09,1,Vlad Vyse,Married,"20 Hudson Crossing",New York City,New York,Northeast,0
35,vmceniry71@google.cn,"813-313-7793",Operator,2013-01-16,1,Vladimir Mceniry,Married,"18 Fulton Center",Tampa,Florida,South,0
47,wcudihy76@jimdo.com,"602-973-4144",Occupational Therapist,2021-01-14,1,Wain Cudihy,Single,"8 Huxley Street",Mesa,Arizona,West,0
27,wstocker3u@rediff.com,"305-271-3202",Senior Editor,2018-06-12,1,Waiter Stocker,Single,"6 Quincy Drive",Boca Raton,Florida,South,0
23,wstannisfs@nps.gov,"619-640-7915",Paralegal,2015-04-01,1,Walker Stannis,Divorced,"91365 Stone Corner Terrace",San Diego,California,West,0
28,wstallybrasska@geocities.jp,"215-289-6324",Legal Assistant,2019-06-13,1,Walliw Stallybrass,Married,"66 Novick Street",Philadelphia,Pennsylvania,Northeast,0
30,wbreddy1u@toplist.cz,"718-819-0821",Nurse,2013-02-07,1,Wally Breddy,Married,"9 Service Hill",Bronx,New York,Northeast,0
44,wkunzel5@slideshare.net,"937-467-6942",Human Resources Assistant IV,2015-03-24,1,Wanda Del Mar,Single,"10864 Buhler Plaza",Hamilton,Ohio,Midwest,0
28,wshurville9l@soup.io,"562-838-0676",Pharmacist,2015-06-16,1,Warden Shurville,Single,"238 La Follette Road",Los Angeles,California,West,0
57,wclewettcw@etsy.com,"605-614-6239",General Manager,2019-01-31,1,Warner Clewett,Married,"1985 Nevada Lane",Sioux Falls,South Dakota,Midwest,0
43,wcaldero7m@harvard.edu,"954-354-1041",Sales Associate,2021-10-25,1,Wash Caldero,Married,"81814 Continental Drive",Pompano Beach,Florida,South,0
32,wgottsgv@com.com,"804-366-9243",Geological Engineer,2021-02-15,1,Waylen Gotts,Divorced,"48 Talmadge Alley",Richmond,Virginia,South,0
31,wmatevosiank@indiegogo.com,"239-268-3757",Graphic Designer,2015-01-26,1,Waylen Matevosian,Separated,"72 Forest Run Court",Fort Myers,Florida,South,0
46,wewinoj@virginia.edu,"770-830-3863",VP Marketing,2016-12-10,1,Welby Ewin,Married,"20682 Orin Lane",Duluth,Georgia,South,0
19,wde67@prlog.org,"972-628-8324",Junior Executive,2021-09-25,1,Welsh De La Salle,Single,"1 Village Green Road",Plano,Texas,South,0
28,wmcevonf9@hhs.gov,"571-148-5647",Assistant Manager,2020-07-23,1,Wenda Mcevon,Married,"20284 Golf Road",Vienna,Virginia,South,0
41,walennikovpg@ebay.co.uk,"678-933-9491",Account Representative II,2016-11-13,1,Wendall Alennikov,Single,"15916 Myrtle Parkway",Atlanta,Georgia,South,0
56,wendrighiam@google.com.au,"806-764-0418",Actuary,2017-06-28,1,Wendell Endrighi,Married,"6156 Eagan Parkway",Amarillo,Texas,South,0
30,wdmitrievjb@elegantthemes.com,"865-932-6042",Staff Scientist,2019-11-18,1,Wendie Dmitriev,Married,"907 Forster Street",Knoxville,Tennessee,South,0
53,wburkill5x@histats.com,"817-279-4876",General Manager,2016-02-06,1,Wernher Burkill,Single,"6879 Anhalt Place",Fort Worth,Texas,South,0
31,wcrayker7n@blogger.com,"804-717-9905",Software Consultant,2017-05-06,1,Weylin Crayker,Married,"4568 Kingsford Lane",Richmond,Virginia,South,0
44,wsankeyon@adobe.com,"925-173-3456",Internal Auditor,2020-08-18,1,Whitney Sankey,Married,"508 Pierstorff Lane",Concord,California,West,0
47,wgartlandgd@clickbank.net,"915-555-2972",Help Desk Technician,2020-05-27,1,Wilbur Gartland,Single,"47660 Meadow Ridge Lane",El Paso,Texas,South,0
59,wasletok@vkontakte.ru,"501-109-2465",Data Coordiator,2015-09-19,1,Wilden Aslet,Single,"58 Hoepker Drive",Little Rock,Arkansas,South,0
47,whanford5b@cafepress.com,"513-885-2400",Nuclear Power Engineer,2014-12-17,1,Wilfred Hanford,Single,"1322 West Terrace",Cincinnati,Ohio,Midwest,0
42,wjardinehj@nhs.uk,"251-363-2299",Marketing Assistant,2022-02-24,1,Wilfred Jardine,Married,"27 Bultman Park",Mobile,Alabama,South,0
50,wcaruth4b@smugmug.com,"713-690-0981",Assistant Professor,2015-11-09,1,Willamina Caruth,Single,"519 Roxbury Hill",Houston,Texas,South,0
47,wedgeleycj@unblog.fr,"312-352-3031",Geologist III,2012-07-02,1,Willie Edgeley,Single,"0684 Hollow Ridge Point",Chicago,Illinois,Midwest,0
44,wstihlm0@nationalgeographic.com,"216-997-5584",Database Administrator III,2021-02-15,1,Willow Stihl,Single,"59372 Petterle Point",Cleveland,Ohio,Midwest,0
36,wdavidescu79@ed.gov,"512-593-3659",Help Desk Technician,2019-11-26,1,Willyt Davidescu,Married,"1591 Meadow Valley Trail",Austin,Texas,South,0
22,wmca9@pinterest.com,"714-544-5087",Associate Professor,2016-03-28,1,Winifield Mc Carrick,Married,"62 Spohn Circle",Irvine,California,West,0
53,wchellenham1x@g.co,"818-931-7776",Marketing Manager,2017-01-28,1,Winnie Chellenham,Divorced,"027 Loeprich Park",Glendale,California,West,0
28,wjenoureci@github.com,"318-488-8448",Safety Technician IV,2021-09-20,1,Winslow Jenoure,Married,"0 Sugar Place",Alexandria,Louisiana,South,0
38,werikssonrj@nytimes.com,"404-892-9466",Sales Representative,2013-10-19,1,Witty Eriksson,Married,"77299 Meadow Vale Trail",Atlanta,Georgia,South,0
44,wskamal68@redcross.org,"605-419-6851",Physical Therapy Assistant,2018-03-12,1,Wolfie Skamal,Married,"9485 Walton Court",Sioux Falls,South Dakota,Midwest,0
43,whannabz@zdnet.com,"805-701-6898",Desktop Support Technician,2017-01-02,1,Woody Hanna,Separated,"6 Burrows Junction",San Luis Obispo,California,West,0
52,ypetren83@cocolog-nifty.com,"605-924-5721",Computer Systems Analyst II,2021-09-09,1,Yancy Petren,Single,"4316 Stoughton Circle",Sioux Falls,South Dakota,Midwest,0
19,ylinaylw@yandex.ru,"626-277-3028",Staff Accountant IV,2015-08-14,1,Yehudi Linay,Divorced,"2 Bayside Place",Pasadena,California,West,0
42,ywands7v@nsw.gov.au,"864-866-0982",Administrative Assistant I,2021-01-21,1,Ynez Wands,Married,"903 Oak Way",Greenville,South Carolina,South,0
54,ywynne3x@google.co.jp,"310-802-7841",Product Engineer,2012-03-12,1,Yolanthe Wynne,Single,"42 David Point",Garden Grove,California,West,0
60,ysinclarbo@g.co,"682-846-9184",Financial Advisor,2019-01-06,1,Yorgos Sinclar,Married,"81 Thackeray Hill",Fort Worth,Texas,South,0
57,ypearef6@nba.com,"214-876-9905",Occupational Therapist,2015-04-08,1,Yorke Peare,Married,"57 Ludington Court",Dallas,Texas,South,0
27,yyegorovls@eepurl.com,"810-580-4918",Assistant Media Planner,2015-12-02,1,Yovonnda Yegorov,Married,"4 Onsgard Junction",Flint,Michigan,Midwest,0
43,yliteli4@mac.com,"502-825-3363",Occupational Therapist,2016-08-19,1,Yuri Litel,Single,"98420 Vidon Drive",Louisville,Kentucky,South,0
49,ysherrelldz@hc360.com,"415-724-6889",Accounting Assistant III,2017-01-08,1,Yvonne Sherrell,Married,"6280 Meadow Ridge Plaza",San Francisco,California,West,0
37,zcoolj8@twitter.com,"720-884-5832",Research Associate,2021-10-21,1,Zach Cool,Married,"11 Sauthoff Alley",Denver,Colorado,West,0
54,zsiviormy@google.co.jp,"315-709-1736",Financial Analyst,2018-03-16,1,Zachary Sivior,Married,"68 Old Shore Park",Syracuse,New York,Northeast,0
28,zisworthif@xinhuanet.com,"828-153-9784",Health Coach IV,2016-02-09,1,Zack Isworth,Single,"7 Forest Run Crossing",Asheville,North Carolina,South,0
51,zhearnhw@joomla.org,"336-500-6327",Data Coordiator,2014-06-10,1,Zak Hearn,Married,"2625 Nelson Road",Winston Salem,North Carolina,South,0
50,zdoleag@google.es,"425-785-6946",Senior Quality Engineer,2015-11-20,1,Zebadiah Dole,Single,"33 Maryland Point",Seattle,Washington,West,0
47,zkirkhamfc@gnu.org,"215-677-9144",Environmental Specialist,2018-02-22,1,Zebadiah Kirkham,Married,"52 Sommers Center",Philadelphia,Pennsylvania,Northeast,0
53,zseamansp0@accuweather.com,"801-845-8571",Geologist IV,2017-04-27,1,Zebulen Seamans,Married,"40 Red Cloud Alley",Provo,Utah,West,0
40,zroydsj@rakuten.co.jp,"253-117-6380",Web Designer I,2017-07-27,1,Zed Royds,Married,"1 Brentwood Trail",Tacoma,Washington,West,0
53,zpaliser5d@php.net,"520-870-7795",Teacher,2022-01-03,1,Zena Paliser,Single,"000 David Crossing",Tucson,Arizona,West,0
24,zklemkepe@scientificamerican.com,"256-772-7309",Recruiting Manager,2022-04-24,1,Zolly Klemke,Divorced,"21106 Dayton Alley",Huntsville,Alabama,South,0
68,zjakemanm2@oakley.com,"406-522-2221",Administrative Assistant I,2022-03-04,1,Zonnya Jakeman,Married,"757 Alpine Parkway",Billings,Montana,West,0
